
=== Bitburner Autopilot: Bridge ===
  RFA-Port:   12525  (im Spiel unter Options -> Remote API eintragen)
13:28:32    Beobachte src/ auf Aenderungen

  Dashboard:  http://localhost:8795/
13:28:35    Spiel verbunden
13:28:37    115 Datei(en) ins Spiel uebertragen
13:40:20    Nachgeschoben: route.json
13:40:22    114 Dateien zusammen nachgeschoben: astufe.js, audiocheck.js, augcheck.js, augcount.js, ausgang.js, autopilot.js, backdoor.js, bbgraft.js, bblage.js, bbspann.js, bbtick.js, bbtrain.js, bitverse.js, blackops.js, blade.js, bn4door.js, bn4life.js, bn4net.js, bn4rep.js, bn4start.js, bodauer.js, boot.js, boprobe.js, brcheck.js, buyaugs.js, buyone.js, calccheck.js, cdump.js, chance.js, cheap.js, contracts.js, csolve.js, daedalus.js, darkweb.js, donate.js, echoargs.js, exit.js, exploit.js, exploit2.js, exploit3.js, exportbonus.js, favorweg.js, formcheck.js, geld.js, graft.js, hacknet.js, hacktimer.js, hand.js, hashes.js, homegrow.js, homeram.js, install.js, invest.js, join.js, joinfac.js, joinplan.js, joinrun.js, kampfaugs.js, kanaltest.js, kaufplan.js, keepalive.js, kerne.js, kill.js, killrep.js, killui.js, knoten.js, lage.js, lib/batch.js, lib/calc.js, lib/hackaugs.js, netburn.js, netburner.js, netz.js, path.js, popups.js, preis.js, probe.js, probe2.js, probe3.js, ps.js, ramcheck.js, reboot.js, restart.js, scan.js, share.js, skillcheck.js, sleeve.js, sleevecrime.js, sleevediag.js, sonde.js, sr.js, srtest.js, stat.js, stockaccess.js, stocks.js, stopnight.js, stopwork.js, stufentest.js, telemetry.js, timerzwang.js, torprobe.js, travel.js, trupp.js, vorrat.js, wakelock.js, wbgrow.js, werkbank.js, work.js, worker/expfarm.js, worker/grow.js, worker/hack.js, worker/share.js, worker/weaken.js, xp.js
14:43:11    4 Dateien zusammen nachgeschoben: augcount.js, augcheck.js, astufe.js, audiocheck.js
14:44:33    Nachgeschoben: route.json
14:52:16    Nachgeschoben: bn4net.js
14:52:19    2 Dateien zusammen nachgeschoben: blade.js, ausgang.js
14:52:45    Nachgeschoben: hashes.js
14:52:52    2 Dateien zusammen nachgeschoben: boot.js, bn4rep.js
14:53:10    5 Dateien zusammen nachgeschoben: bn4life.js, exit.js, sleeve.js, bbtrain.js, contracts.js
14:53:37    Nachgeschoben: graft.js
14:53:43    Nachgeschoben: popups.js
14:54:25    3 Dateien zusammen nachgeschoben: hacktimer.js, wakelock.js, sonde.js
15:14:58    3 Dateien zusammen nachgeschoben: cdump.js, csolve.js, worker/expfarm.js
20:11:25    Nachgeschoben: boot.js
20:12:43    Nachgeschoben: sonde.js
20:12:56    Nachgeschoben: bn4net.js
20:13:43    Nachgeschoben: route.json
20:15:57    3 Dateien zusammen nachgeschoben: ausgang.js, exit.js, popups.js
20:17:10    4 Dateien zusammen nachgeschoben: contracts.js, blade.js, bn4rep.js, darkweb.js
21:40:55    106 Dateien zusammen nachgeschoben: astufe.js, audiocheck.js, augcheck.js, augcount.js, ausgang.js, autopilot.js, backdoor.js, bbgraft.js, bblage.js, bbspann.js, bbtick.js, bbtrain.js, bitverse.js, blackops.js, blade.js, bn4door.js, bn4life.js, bn4net.js, bn4rep.js, bn4start.js, bodauer.js, boot.js, boprobe.js, brcheck.js, buyaugs.js, buyone.js, calccheck.js, cdump.js, chance.js, cheap.js, contracts.js, csolve.js, daedalus.js, darkweb.js, donate.js, echoargs.js, exit.js, exploit.js, exploit2.js, exploit3.js, exportbonus.js, favorweg.js, formcheck.js, geld.js, graft.js, hacknet.js, hacktimer.js, hand.js, hashes.js, homegrow.js, homeram.js, install.js, invest.js, join.js, joinfac.js, joinplan.js, joinrun.js, kampfaugs.js, kanaltest.js, kaufplan.js, keepalive.js, kerne.js, kill.js, killrep.js, killui.js, knoten.js, lage.js, netburn.js, netburner.js, netz.js, path.js, popups.js, preis.js, probe.js, probe2.js, probe3.js, ps.js, ramcheck.js, reboot.js, restart.js, scan.js, share.js, skillcheck.js, sleeve.js, sleevecrime.js, sleevediag.js, sonde.js, sr.js, srtest.js, stat.js, stockaccess.js, stocks.js, stopnight.js, stopwork.js, stufentest.js, telemetry.js, timerzwang.js, torprobe.js, travel.js, trupp.js, vorrat.js, wakelock.js, wbgrow.js, werkbank.js, work.js, xp.js
21:41:50    Nachgeschoben: route.json
21:42:56    8 Dateien zusammen nachgeschoben: lib/batch.js, lib/calc.js, lib/hackaugs.js, worker/expfarm.js, worker/grow.js, worker/hack.js, worker/share.js, worker/weaken.js
23:08:35    5 Dateien zusammen nachgeschoben: ausgang.js, route.json, hashes.js, hacknet.js, sleevecrime.js
23:08:45    110 Dateien zusammen nachgeschoben: astufe.js, audiocheck.js, augcheck.js, augcount.js, autopilot.js, backdoor.js, bbgraft.js, bblage.js, bbspann.js, bbtick.js, bbtrain.js, bitverse.js, blackops.js, blade.js, bn4door.js, bn4life.js, bn4net.js, bn4rep.js, bn4start.js, bodauer.js, boot.js, boprobe.js, brcheck.js, buyaugs.js, buyone.js, calccheck.js, cdump.js, chance.js, cheap.js, contracts.js, csolve.js, daedalus.js, darkweb.js, donate.js, echoargs.js, exit.js, exploit.js, exploit2.js, exploit3.js, exportbonus.js, favorweg.js, formcheck.js, geld.js, graft.js, hacktimer.js, hand.js, homegrow.js, homeram.js, install.js, invest.js, join.js, joinfac.js, joinplan.js, joinrun.js, kampfaugs.js, kanaltest.js, kaufplan.js, keepalive.js, kerne.js, kill.js, killrep.js, killui.js, knoten.js, lage.js, lib/batch.js, lib/calc.js, lib/hackaugs.js, netburn.js, netburner.js, netz.js, path.js, popups.js, preis.js, probe.js, probe2.js, probe3.js, ps.js, ramcheck.js, reboot.js, restart.js, scan.js, share.js, skillcheck.js, sleeve.js, sleevediag.js, sonde.js, sr.js, srtest.js, stat.js, stockaccess.js, stocks.js, stopnight.js, stopwork.js, stufentest.js, telemetry.js, timerzwang.js, torprobe.js, travel.js, trupp.js, vorrat.js, wakelock.js, wbgrow.js, werkbank.js, work.js, worker/expfarm.js, worker/grow.js, worker/hack.js, worker/share.js, worker/weaken.js, xp.js
2026-09-03T23:25:28.545Z	info	Beobachte src/ auf Aenderungen
2026-09-03T23:25:32.341Z	info	Spiel verbunden - Verifikation laeuft, es wird noch nichts geschrieben
2026-09-03T23:25:32.566Z	info	Verifiziert in 225 ms: 197f4d61481686 BN10 L2, 366.84 h
2026-09-03T23:25:32.872Z	info	Sicherung connect gruen: LIVE_197f4d61481686_BN10L2_2026-09-04T01-25_connect.json.gz (263 ms)
2026-09-03T23:25:33.001Z	info	115 Datei(en) ins Spiel uebertragen
2026-09-03T23:26:29.063Z	info	Sicherung hourly gruen: LIVE_197f4d61481686_BN10L2_2026-09-04T01-26_hourly.json.gz (475 ms)
2026-09-03T23:27:35.812Z	info	Beobachte src/ auf Aenderungen
2026-09-03T23:27:40.723Z	info	Spiel verbunden - Verifikation laeuft, es wird noch nichts geschrieben
2026-09-03T23:27:40.953Z	info	Verifiziert in 229 ms: 197f4d61481686 BN10 L2, 366.87 h
2026-09-03T23:27:41.248Z	info	Sicherung connect gruen: LIVE_197f4d61481686_BN10L2_2026-09-04T01-27_connect.json.gz (252 ms)
2026-09-03T23:27:41.398Z	info	115 Datei(en) ins Spiel uebertragen
2026-09-03T23:28:36.373Z	info	Sicherung hourly gruen: LIVE_197f4d61481686_BN10L2_2026-09-04T01-28_hourly.json.gz (523 ms)
2026-09-03T23:30:09.013Z	warn	403 fuer deleteFile von 63876 - instance=null, diese Bruecke ist LIVE
2026-09-03T23:30:09.072Z	warn	403 fuer deleteFile boot.js - confirm fehlt
2026-09-03T23:31:48.333Z	info	Beobachte src/ auf Aenderungen
2026-09-03T23:31:53.397Z	info	Spiel verbunden - Verifikation laeuft, es wird noch nichts geschrieben
2026-09-03T23:31:53.628Z	info	Verifiziert in 231 ms: 197f4d61481686 BN10 L2, 366.94 h
2026-09-03T23:31:53.920Z	info	Sicherung connect gruen: LIVE_197f4d61481686_BN10L2_2026-09-04T01-31_connect.json.gz (257 ms)
2026-09-03T23:31:54.038Z	info	115 Datei(en) ins Spiel uebertragen
2026-09-03T23:35:34.152Z	warn	403 fuer zzz_probe von 57697 - instance=null, diese Bruecke ist LIVE
2026-09-03T23:37:48.539Z	info	Nach ## Sofort eingetragen: Autosave steht
2026-09-03T23:45:09.275Z	info	Anker uebernommen: totalPlaytime 367.13 h
2026-09-03T23:45:09.276Z	info	Beobachte src/ auf Aenderungen
2026-09-03T23:45:14.276Z	info	Spiel verbunden - Verifikation laeuft, es wird noch nichts geschrieben
2026-09-03T23:45:14.501Z	info	Verifiziert in 224 ms: 197f4d61481686 BN10 L2, 367.17 h
2026-09-03T23:45:14.802Z	info	Sicherung connect gruen: LIVE_197f4d61481686_BN10L2_2026-09-04T01-45_connect.json.gz (264 ms)
2026-09-03T23:45:14.920Z	info	115 Datei(en) ins Spiel uebertragen
2026-09-03T23:46:41.669Z	info	Anker uebernommen: totalPlaytime 367.18 h
2026-09-03T23:46:41.670Z	info	Beobachte src/ auf Aenderungen
2026-09-03T23:46:46.757Z	info	Spiel verbunden - Verifikation laeuft, es wird noch nichts geschrieben
2026-09-03T23:46:46.989Z	info	Verifiziert in 232 ms: 197f4d61481686 BN10 L2, 367.19 h
2026-09-03T23:46:47.307Z	info	Sicherung connect gruen: LIVE_197f4d61481686_BN10L2_2026-09-04T01-46_connect.json.gz (265 ms)
2026-09-03T23:46:47.504Z	info	115 Datei(en) ins Spiel uebertragen
2026-09-03T23:51:55.736Z	warn	403 fuer ls von 53286 - instance=null, diese Bruecke ist LIVE
2026-09-04T00:08:58.677Z	info	1 Watcher-Meldung(en) ohne Inhaltsaenderung - nichts geschoben
2026-09-04T00:10:47.559Z	info	1 Watcher-Meldung(en) ohne Inhaltsaenderung - nichts geschoben
2026-09-04T00:14:05.839Z	info	113 Watcher-Meldung(en) ohne Inhaltsaenderung - nichts geschoben
2026-09-04T00:28:53.354Z	info	Beobachte src/ auf Aenderungen
2026-09-04T00:28:53.353Z	info	Anker uebernommen: totalPlaytime 367.87 h
2026-09-04T00:28:58.398Z	info	Spiel verbunden - Verifikation laeuft, es wird noch nichts geschrieben
2026-09-04T00:28:58.636Z	info	Verifiziert in 237 ms: 197f4d61481686 BN10 L2, 367.90 h
2026-09-04T00:28:58.931Z	info	Sicherung connect gruen: LIVE_197f4d61481686_BN10L2_2026-09-04T02-28_connect.json.gz (259 ms)
2026-09-04T00:28:59.075Z	info	115 Datei(en) ins Spiel uebertragen
2026-09-04T00:46:53.757Z	info	Sicherung hourly gruen: LIVE_197f4d61481686_BN10L2_2026-09-04T02-46_hourly.json.gz (240 ms)
2026-09-04T01:10:47.572Z	info	1 Watcher-Meldung(en) ohne Inhaltsaenderung - nichts geschoben
2026-09-04T01:11:30.911Z	info	1 Watcher-Meldung(en) ohne Inhaltsaenderung - nichts geschoben
2026-09-04T01:18:50.788Z	info	1 Watcher-Meldung(en) ohne Inhaltsaenderung - nichts geschoben
2026-09-04T01:22:26.073Z	info	4 Watcher-Meldung(en) ohne Inhaltsaenderung - nichts geschoben
2026-09-04T01:36:34.204Z	info	1 Watcher-Meldung(en) ohne Inhaltsaenderung - nichts geschoben
2026-09-04T01:40:42.012Z	info	Sicherung pre-hotswap gruen: LIVE_197f4d61481686_BN10L2_2026-09-04T03-40_pre-hotswap.json.gz (241 ms)
2026-09-04T01:40:42.015Z	info	Nachgeschoben: wakelock.js
2026-09-04T01:43:53.350Z	info	107 Watcher-Meldung(en) ohne Inhaltsaenderung - nichts geschoben
2026-09-04T01:46:54.151Z	info	Sicherung hourly gruen: LIVE_197f4d61481686_BN10L2_2026-09-04T03-46_hourly.json.gz (186 ms)
2026-09-04T02:46:54.660Z	info	Sicherung hourly gruen: LIVE_197f4d61481686_BN10L2_2026-09-04T04-46_hourly.json.gz (224 ms)
2026-09-04T03:56:02.011Z	info	Beobachte src/ auf Aenderungen
2026-09-04T03:56:02.010Z	info	Anker uebernommen: totalPlaytime 371.08 h
2026-09-04T03:56:02.662Z	info	Spiel verbunden - Verifikation laeuft, es wird noch nichts geschrieben
2026-09-04T03:56:02.915Z	info	Verifiziert in 252 ms: 197f4d61481686 BN10 L2, 371.35 h
2026-09-04T03:56:03.229Z	info	Sicherung connect gruen: LIVE_197f4d61481686_BN10L2_2026-09-04T05-56_connect.json.gz (272 ms)
2026-09-04T03:56:05.347Z	info	115 Datei(en) ins Spiel uebertragen
2026-09-04T03:56:05.797Z	info	115 Watcher-Meldung(en) ohne Inhaltsaenderung - nichts geschoben
2026-09-04T03:57:02.571Z	info	Sicherung hourly gruen: LIVE_197f4d61481686_BN10L2_2026-09-04T05-57_hourly.json.gz (488 ms)
2026-09-04T04:40:30.594Z	info	Sicherung pre-hotswap gruen: LIVE_197f4d61481686_BN10L2_2026-09-04T06-40_pre-hotswap.json.gz (218 ms)
2026-09-04T04:40:30.596Z	info	Nachgeschoben: lib/blackops.json
2026-09-04T04:57:03.014Z	info	Sicherung hourly gruen: LIVE_197f4d61481686_BN10L2_2026-09-04T06-57_hourly.json.gz (491 ms)
2026-09-04T05:00:46.009Z	info	115 Watcher-Meldung(en) ohne Inhaltsaenderung - nichts geschoben
2026-09-04T05:57:03.361Z	info	Sicherung hourly gruen: LIVE_197f4d61481686_BN10L2_2026-09-04T07-57_hourly.json.gz (389 ms)
2026-09-04T06:00:01.161Z	info	114 Watcher-Meldung(en) ohne Inhaltsaenderung - nichts geschoben
2026-09-04T06:02:51.731Z	info	1 Watcher-Meldung(en) ohne Inhaltsaenderung - nichts geschoben
2026-09-04T06:55:00.988Z	info	115 Watcher-Meldung(en) ohne Inhaltsaenderung - nichts geschoben
2026-09-04T06:57:03.677Z	info	Sicherung hourly gruen: LIVE_197f4d61481686_BN10L2_2026-09-04T08-57_hourly.json.gz (301 ms)
2026-09-04T07:29:16.327Z	info	1 Watcher-Meldung(en) ohne Inhaltsaenderung - nichts geschoben
2026-09-04T07:57:04.168Z	info	Sicherung hourly gruen: LIVE_197f4d61481686_BN10L2_2026-09-04T09-57_hourly.json.gz (319 ms)
2026-09-04T08:02:47.111Z	info	114 Watcher-Meldung(en) ohne Inhaltsaenderung - nichts geschoben
2026-09-04T08:03:16.849Z	info	1 Watcher-Meldung(en) ohne Inhaltsaenderung - nichts geschoben
2026-09-04T08:49:19.005Z	info	1 Watcher-Meldung(en) ohne Inhaltsaenderung - nichts geschoben
2026-09-04T08:57:04.657Z	info	Sicherung hourly gruen: LIVE_197f4d61481686_BN10L2_2026-09-04T10-57_hourly.json.gz (395 ms)
2026-09-04T09:06:38.562Z	info	115 Watcher-Meldung(en) ohne Inhaltsaenderung - nichts geschoben
2026-09-04T09:54:09.252Z	info	1 Watcher-Meldung(en) ohne Inhaltsaenderung - nichts geschoben
2026-09-04T09:57:05.235Z	info	Sicherung hourly gruen: LIVE_197f4d61481686_BN10L2_2026-09-04T11-57_hourly.json.gz (510 ms)
2026-09-04T10:06:43.962Z	info	115 Watcher-Meldung(en) ohne Inhaltsaenderung - nichts geschoben
2026-09-04T10:16:13.468Z	info	Sicherung pre-hotswap gruen: LIVE_197f4d61481686_BN10L2_2026-09-04T12-16_pre-hotswap.json.gz (208 ms)
2026-09-04T10:16:13.470Z	info	Nachgeschoben: .mock-koeder-10704.js
2026-09-04T10:16:16.280Z	warn	.mock-koeder-10704.js: ENOENT: no such file or directory, open 'C:\Users\erche\Desktop\claude_projecto\bitburner\src\.mock-koeder-10704.js'
2026-09-04T10:17:51.548Z	info	Nachgeschoben: .mock-koeder-10128.js
2026-09-04T10:17:54.601Z	warn	.mock-koeder-10128.js: ENOENT: no such file or directory, open 'C:\Users\erche\Desktop\claude_projecto\bitburner\src\.mock-koeder-10128.js'
2026-09-04T10:20:16.641Z	info	Nachgeschoben: .mock-koeder-3064.js
2026-09-04T10:20:19.692Z	warn	.mock-koeder-3064.js: ENOENT: no such file or directory, open 'C:\Users\erche\Desktop\claude_projecto\bitburner\src\.mock-koeder-3064.js'
2026-09-04T10:24:59.365Z	info	Nachgeschoben: .mock-koeder-11384.js
2026-09-04T10:25:02.420Z	warn	.mock-koeder-11384.js: ENOENT: no such file or directory, open 'C:\Users\erche\Desktop\claude_projecto\bitburner\src\.mock-koeder-11384.js'
2026-09-04T10:28:12.099Z	info	Sicherung pre-hotswap gruen: LIVE_197f4d61481686_BN10L2_2026-09-04T12-28_pre-hotswap.json.gz (217 ms)
2026-09-04T10:28:12.101Z	info	Nachgeschoben: .mock-koeder-8596.js
2026-09-04T10:28:14.910Z	warn	.mock-koeder-8596.js: ENOENT: no such file or directory, open 'C:\Users\erche\Desktop\claude_projecto\bitburner\src\.mock-koeder-8596.js'
2026-09-04T10:31:14.753Z	info	Nachgeschoben: .mock-koeder-20392.js
2026-09-04T10:31:17.792Z	warn	.mock-koeder-20392.js: ENOENT: no such file or directory, open 'C:\Users\erche\Desktop\claude_projecto\bitburner\src\.mock-koeder-20392.js'
2026-09-04T10:32:57.188Z	info	Nachgeschoben: .mock-koeder-14496.js
2026-09-04T10:33:00.247Z	warn	.mock-koeder-14496.js: ENOENT: no such file or directory, open 'C:\Users\erche\Desktop\claude_projecto\bitburner\src\.mock-koeder-14496.js'
2026-09-04T10:38:59.116Z	info	Sicherung pre-hotswap gruen: LIVE_197f4d61481686_BN10L2_2026-09-04T12-38_pre-hotswap.json.gz (288 ms)
2026-09-04T10:38:59.118Z	info	Nachgeschoben: .mock-koeder-13896.js
2026-09-04T10:39:01.829Z	warn	.mock-koeder-13896.js: ENOENT: no such file or directory, open 'C:\Users\erche\Desktop\claude_projecto\bitburner\src\.mock-koeder-13896.js'
2026-09-04T10:40:55.769Z	info	Nachgeschoben: .mock-koeder-2480.js
2026-09-04T10:40:58.827Z	warn	.mock-koeder-2480.js: ENOENT: no such file or directory, open 'C:\Users\erche\Desktop\claude_projecto\bitburner\src\.mock-koeder-2480.js'
2026-09-04T10:42:40.228Z	info	Nachgeschoben: .mock-koeder-12668.js
2026-09-04T10:42:43.297Z	warn	.mock-koeder-12668.js: ENOENT: no such file or directory, open 'C:\Users\erche\Desktop\claude_projecto\bitburner\src\.mock-koeder-12668.js'
2026-09-04T10:43:59.224Z	info	Nachgeschoben: .mock-koeder-8780.js
2026-09-04T10:44:02.286Z	warn	.mock-koeder-8780.js: ENOENT: no such file or directory, open 'C:\Users\erche\Desktop\claude_projecto\bitburner\src\.mock-koeder-8780.js'
2026-09-04T10:45:09.052Z	info	Nachgeschoben: .mock-koeder-7996.js
2026-09-04T10:45:12.112Z	warn	.mock-koeder-7996.js: ENOENT: no such file or directory, open 'C:\Users\erche\Desktop\claude_projecto\bitburner\src\.mock-koeder-7996.js'
2026-09-04T10:46:34.944Z	info	Nachgeschoben: .mock-koeder-5348.js
2026-09-04T10:46:37.991Z	warn	.mock-koeder-5348.js: ENOENT: no such file or directory, open 'C:\Users\erche\Desktop\claude_projecto\bitburner\src\.mock-koeder-5348.js'
2026-09-04T10:47:54.570Z	info	Nachgeschoben: .mock-koeder-18428.js
2026-09-04T10:47:57.621Z	warn	.mock-koeder-18428.js: ENOENT: no such file or directory, open 'C:\Users\erche\Desktop\claude_projecto\bitburner\src\.mock-koeder-18428.js'
2026-09-04T10:49:44.764Z	info	Sicherung pre-hotswap gruen: LIVE_197f4d61481686_BN10L2_2026-09-04T12-49_pre-hotswap.json.gz (216 ms)
2026-09-04T10:49:44.766Z	info	Nachgeschoben: .mock-koeder-12144.js
2026-09-04T10:49:47.564Z	warn	.mock-koeder-12144.js: ENOENT: no such file or directory, open 'C:\Users\erche\Desktop\claude_projecto\bitburner\src\.mock-koeder-12144.js'
2026-09-04T10:51:14.339Z	info	Nachgeschoben: .mock-koeder-22848.js
2026-09-04T10:51:17.383Z	warn	.mock-koeder-22848.js: ENOENT: no such file or directory, open 'C:\Users\erche\Desktop\claude_projecto\bitburner\src\.mock-koeder-22848.js'
2026-09-04T10:57:05.632Z	info	Sicherung hourly gruen: LIVE_197f4d61481686_BN10L2_2026-09-04T12-57_hourly.json.gz (448 ms)
2026-09-04T10:59:25.963Z	info	1 Watcher-Meldung(en) ohne Inhaltsaenderung - nichts geschoben
2026-09-04T10:59:26.377Z	info	Nachgeschoben: .mock-koeder-4540.js
2026-09-04T10:59:29.437Z	warn	.mock-koeder-4540.js: ENOENT: no such file or directory, open 'C:\Users\erche\Desktop\claude_projecto\bitburner\src\.mock-koeder-4540.js'
2026-09-04T11:02:20.755Z	info	Sicherung pre-hotswap gruen: LIVE_197f4d61481686_BN10L2_2026-09-04T13-02_pre-hotswap.json.gz (238 ms)
2026-09-04T11:02:20.757Z	info	Nachgeschoben: .mock-koeder-22884.js
2026-09-04T11:02:23.517Z	warn	.mock-koeder-22884.js: ENOENT: no such file or directory, open 'C:\Users\erche\Desktop\claude_projecto\bitburner\src\.mock-koeder-22884.js'
2026-09-04T11:04:40.805Z	info	Nachgeschoben: .mock-koeder-16760.js
2026-09-04T11:04:43.876Z	warn	.mock-koeder-16760.js: ENOENT: no such file or directory, open 'C:\Users\erche\Desktop\claude_projecto\bitburner\src\.mock-koeder-16760.js'
2026-09-04T11:07:00.602Z	info	115 Watcher-Meldung(en) ohne Inhaltsaenderung - nichts geschoben
2026-09-04T11:08:53.584Z	info	Nachgeschoben: .mock-koeder-17384.js
2026-09-04T11:08:56.632Z	warn	.mock-koeder-17384.js: ENOENT: no such file or directory, open 'C:\Users\erche\Desktop\claude_projecto\bitburner\src\.mock-koeder-17384.js'
2026-09-04T11:10:33.136Z	info	Nachgeschoben: .mock-koeder-9532.js
2026-09-04T11:10:36.193Z	warn	.mock-koeder-9532.js: ENOENT: no such file or directory, open 'C:\Users\erche\Desktop\claude_projecto\bitburner\src\.mock-koeder-9532.js'
2026-09-04T11:11:06.415Z	info	Nachgeschoben: .mock-koeder-17916.js
2026-09-04T11:11:09.466Z	warn	.mock-koeder-17916.js: ENOENT: no such file or directory, open 'C:\Users\erche\Desktop\claude_projecto\bitburner\src\.mock-koeder-17916.js'
2026-09-04T11:13:03.089Z	info	Sicherung pre-hotswap gruen: LIVE_197f4d61481686_BN10L2_2026-09-04T13-13_pre-hotswap.json.gz (167 ms)
2026-09-04T11:13:03.090Z	info	Nachgeschoben: .mock-koeder-15016.js
2026-09-04T11:13:05.931Z	warn	.mock-koeder-15016.js: ENOENT: no such file or directory, open 'C:\Users\erche\Desktop\claude_projecto\bitburner\src\.mock-koeder-15016.js'
2026-09-04T11:13:39.832Z	info	Nachgeschoben: .mock-koeder-13992.js
2026-09-04T11:13:42.902Z	warn	.mock-koeder-13992.js: ENOENT: no such file or directory, open 'C:\Users\erche\Desktop\claude_projecto\bitburner\src\.mock-koeder-13992.js'
2026-09-04T11:13:59.104Z	info	Nachgeschoben: .mock-koeder-2072.js
2026-09-04T11:14:02.156Z	warn	.mock-koeder-2072.js: ENOENT: no such file or directory, open 'C:\Users\erche\Desktop\claude_projecto\bitburner\src\.mock-koeder-2072.js'
2026-09-04T11:15:10.355Z	info	Nachgeschoben: .mock-koeder-14248.js
2026-09-04T11:15:13.398Z	warn	.mock-koeder-14248.js: ENOENT: no such file or directory, open 'C:\Users\erche\Desktop\claude_projecto\bitburner\src\.mock-koeder-14248.js'
2026-09-04T11:23:22.402Z	info	Sicherung pre-hotswap gruen: LIVE_197f4d61481686_BN10L2_2026-09-04T13-23_pre-hotswap.json.gz (231 ms)
2026-09-04T11:23:22.404Z	info	Nachgeschoben: .mock-koeder-7124.js
2026-09-04T11:23:25.184Z	warn	.mock-koeder-7124.js: ENOENT: no such file or directory, open 'C:\Users\erche\Desktop\claude_projecto\bitburner\src\.mock-koeder-7124.js'
2026-09-04T11:27:14.163Z	info	Nachgeschoben: .mock-koeder-16440.js
2026-09-04T11:27:17.221Z	warn	.mock-koeder-16440.js: ENOENT: no such file or directory, open 'C:\Users\erche\Desktop\claude_projecto\bitburner\src\.mock-koeder-16440.js'
2026-09-04T11:33:41.664Z	info	Sicherung pre-hotswap gruen: LIVE_197f4d61481686_BN10L2_2026-09-04T13-33_pre-hotswap.json.gz (221 ms)
2026-09-04T11:33:41.682Z	info	Nachgeschoben: .mock-koeder-9252.js
2026-09-04T11:33:44.472Z	warn	.mock-koeder-9252.js: ENOENT: no such file or directory, open 'C:\Users\erche\Desktop\claude_projecto\bitburner\src\.mock-koeder-9252.js'
2026-09-04T11:41:48.441Z	info	Nachgeschoben: .mock-koeder-20252.js
2026-09-04T11:41:51.488Z	warn	.mock-koeder-20252.js: ENOENT: no such file or directory, open 'C:\Users\erche\Desktop\claude_projecto\bitburner\src\.mock-koeder-20252.js'
2026-09-04T11:44:04.528Z	info	Sicherung pre-hotswap gruen: LIVE_197f4d61481686_BN10L2_2026-09-04T13-44_pre-hotswap.json.gz (450 ms)
2026-09-04T11:44:04.563Z	info	Nachgeschoben: .mock-koeder-15688.js
2026-09-04T11:44:07.028Z	warn	.mock-koeder-15688.js: ENOENT: no such file or directory, open 'C:\Users\erche\Desktop\claude_projecto\bitburner\src\.mock-koeder-15688.js'
2026-09-04T11:46:16.026Z	info	Nachgeschoben: .mock-koeder-10072.js
2026-09-04T11:46:19.071Z	warn	.mock-koeder-10072.js: ENOENT: no such file or directory, open 'C:\Users\erche\Desktop\claude_projecto\bitburner\src\.mock-koeder-10072.js'
2026-09-04T11:48:26.644Z	info	Nachgeschoben: .mock-koeder-9108.js
2026-09-04T11:48:29.693Z	warn	.mock-koeder-9108.js: ENOENT: no such file or directory, open 'C:\Users\erche\Desktop\claude_projecto\bitburner\src\.mock-koeder-9108.js'
2026-09-04T11:50:40.766Z	info	1 Watcher-Meldung(en) ohne Inhaltsaenderung - nichts geschoben
2026-09-04T11:50:43.831Z	warn	.mock-koeder-4540.js: ENOENT: no such file or directory, open 'C:\Users\erche\Desktop\claude_projecto\bitburner\src\.mock-koeder-4540.js'
2026-09-04T11:51:35.912Z	info	Nachgeschoben: .mock-koeder-21968.js
2026-09-04T11:51:38.964Z	warn	.mock-koeder-21968.js: ENOENT: no such file or directory, open 'C:\Users\erche\Desktop\claude_projecto\bitburner\src\.mock-koeder-21968.js'
2026-09-04T11:57:06.201Z	info	Sicherung hourly gruen: LIVE_197f4d61481686_BN10L2_2026-09-04T13-57_hourly.json.gz (619 ms)
2026-09-04T11:59:53.666Z	info	1 Watcher-Meldung(en) ohne Inhaltsaenderung - nichts geschoben
2026-09-04T11:59:56.617Z	info	Sicherung pre-hotswap gruen: LIVE_197f4d61481686_BN10L2_2026-09-04T13-59_pre-hotswap.json.gz (903 ms)
2026-09-04T11:59:56.621Z	info	Nachgeschoben: .mock-koeder-11712.js
2026-09-04T11:59:58.638Z	warn	.mock-koeder-11712.js: ENOENT: no such file or directory, open 'C:\Users\erche\Desktop\claude_projecto\bitburner\src\.mock-koeder-11712.js'
2026-09-04T12:00:58.901Z	info	Nachgeschoben: .mock-koeder-12884.js
2026-09-04T12:01:01.950Z	warn	.mock-koeder-12884.js: ENOENT: no such file or directory, open 'C:\Users\erche\Desktop\claude_projecto\bitburner\src\.mock-koeder-12884.js'
2026-09-04T12:01:59.040Z	info	Nachgeschoben: .mock-koeder-22856.js
2026-09-04T12:02:02.090Z	warn	.mock-koeder-22856.js: ENOENT: no such file or directory, open 'C:\Users\erche\Desktop\claude_projecto\bitburner\src\.mock-koeder-22856.js'
2026-09-04T12:03:15.102Z	info	Nachgeschoben: .mock-koeder-10644.js
2026-09-04T12:03:18.147Z	warn	.mock-koeder-10644.js: ENOENT: no such file or directory, open 'C:\Users\erche\Desktop\claude_projecto\bitburner\src\.mock-koeder-10644.js'
2026-09-04T12:04:16.292Z	info	Nachgeschoben: .mock-koeder-19188.js
2026-09-04T12:04:19.338Z	warn	.mock-koeder-19188.js: ENOENT: no such file or directory, open 'C:\Users\erche\Desktop\claude_projecto\bitburner\src\.mock-koeder-19188.js'
2026-09-04T12:11:37.490Z	info	115 Watcher-Meldung(en) ohne Inhaltsaenderung - nichts geschoben
2026-09-04T12:11:38.091Z	info	Sicherung pre-hotswap gruen: LIVE_197f4d61481686_BN10L2_2026-09-04T14-11_pre-hotswap.json.gz (185 ms)
2026-09-04T12:11:38.093Z	info	Nachgeschoben: .mock-koeder-15056.js
2026-09-04T12:11:40.892Z	warn	.mock-koeder-15056.js: ENOENT: no such file or directory, open 'C:\Users\erche\Desktop\claude_projecto\bitburner\src\.mock-koeder-15056.js'
2026-09-04T12:14:32.305Z	info	Nachgeschoben: .mock-koeder-11576.js
2026-09-04T12:14:35.344Z	warn	.mock-koeder-11576.js: ENOENT: no such file or directory, open 'C:\Users\erche\Desktop\claude_projecto\bitburner\src\.mock-koeder-11576.js'
2026-09-04T12:16:56.712Z	warn	403 fuer deleteFile von 56043 - instance=null, diese Bruecke ist LIVE
2026-09-04T12:16:56.779Z	warn	403 fuer deleteFile von 56045 - instance=null, diese Bruecke ist LIVE
2026-09-04T12:16:56.833Z	warn	403 fuer deleteFile von 56046 - instance=null, diese Bruecke ist LIVE
2026-09-04T12:16:56.889Z	warn	403 fuer deleteFile von 56047 - instance=null, diese Bruecke ist LIVE
2026-09-04T12:16:56.944Z	warn	403 fuer deleteFile von 56048 - instance=null, diese Bruecke ist LIVE
2026-09-04T12:16:56.998Z	warn	403 fuer deleteFile von 56049 - instance=null, diese Bruecke ist LIVE
2026-09-04T12:16:57.066Z	warn	403 fuer deleteFile von 56050 - instance=null, diese Bruecke ist LIVE
2026-09-04T12:16:57.122Z	warn	403 fuer deleteFile von 56051 - instance=null, diese Bruecke ist LIVE
2026-09-04T12:16:57.179Z	warn	403 fuer deleteFile von 56052 - instance=null, diese Bruecke ist LIVE
2026-09-04T12:16:57.235Z	warn	403 fuer deleteFile von 56053 - instance=null, diese Bruecke ist LIVE
2026-09-04T12:16:57.292Z	warn	403 fuer deleteFile von 56054 - instance=null, diese Bruecke ist LIVE
2026-09-04T12:16:57.349Z	warn	403 fuer deleteFile von 56055 - instance=null, diese Bruecke ist LIVE
2026-09-04T12:16:57.404Z	warn	403 fuer deleteFile von 56056 - instance=null, diese Bruecke ist LIVE
2026-09-04T12:16:57.460Z	warn	403 fuer deleteFile von 56057 - instance=null, diese Bruecke ist LIVE
2026-09-04T12:16:57.513Z	warn	403 fuer deleteFile von 56058 - instance=null, diese Bruecke ist LIVE
2026-09-04T12:16:57.565Z	warn	403 fuer deleteFile von 56059 - instance=null, diese Bruecke ist LIVE
2026-09-04T12:16:57.621Z	warn	403 fuer deleteFile von 56060 - instance=null, diese Bruecke ist LIVE
2026-09-04T12:16:57.675Z	warn	403 fuer deleteFile von 56061 - instance=null, diese Bruecke ist LIVE
2026-09-04T12:16:57.730Z	warn	403 fuer deleteFile von 56062 - instance=null, diese Bruecke ist LIVE
2026-09-04T12:16:57.786Z	warn	403 fuer deleteFile von 56063 - instance=null, diese Bruecke ist LIVE
2026-09-04T12:16:57.840Z	warn	403 fuer deleteFile von 56064 - instance=null, diese Bruecke ist LIVE
2026-09-04T12:16:57.905Z	warn	403 fuer deleteFile von 56065 - instance=null, diese Bruecke ist LIVE
2026-09-04T12:16:57.960Z	warn	403 fuer deleteFile von 56066 - instance=null, diese Bruecke ist LIVE
2026-09-04T12:16:58.015Z	warn	403 fuer deleteFile von 56067 - instance=null, diese Bruecke ist LIVE
2026-09-04T12:16:58.077Z	warn	403 fuer deleteFile von 56068 - instance=null, diese Bruecke ist LIVE
2026-09-04T12:16:58.131Z	warn	403 fuer deleteFile von 56069 - instance=null, diese Bruecke ist LIVE
2026-09-04T12:16:58.185Z	warn	403 fuer deleteFile von 56070 - instance=null, diese Bruecke ist LIVE
2026-09-04T12:16:58.238Z	warn	403 fuer deleteFile von 56071 - instance=null, diese Bruecke ist LIVE
2026-09-04T12:16:58.295Z	warn	403 fuer deleteFile von 56072 - instance=null, diese Bruecke ist LIVE
2026-09-04T12:16:58.350Z	warn	403 fuer deleteFile von 56073 - instance=null, diese Bruecke ist LIVE
2026-09-04T12:16:58.402Z	warn	403 fuer deleteFile von 56074 - instance=null, diese Bruecke ist LIVE
2026-09-04T12:16:58.456Z	warn	403 fuer deleteFile von 56075 - instance=null, diese Bruecke ist LIVE
2026-09-04T12:16:58.514Z	warn	403 fuer deleteFile von 56076 - instance=null, diese Bruecke ist LIVE
2026-09-04T12:16:58.568Z	warn	403 fuer deleteFile von 56077 - instance=null, diese Bruecke ist LIVE
2026-09-04T12:16:58.631Z	warn	403 fuer deleteFile von 56078 - instance=null, diese Bruecke ist LIVE
2026-09-04T12:16:58.684Z	warn	403 fuer deleteFile von 56079 - instance=null, diese Bruecke ist LIVE
2026-09-04T12:16:58.738Z	warn	403 fuer deleteFile von 56080 - instance=null, diese Bruecke ist LIVE
2026-09-04T12:16:58.790Z	warn	403 fuer deleteFile von 56081 - instance=null, diese Bruecke ist LIVE
2026-09-04T12:16:58.850Z	warn	403 fuer deleteFile von 56082 - instance=null, diese Bruecke ist LIVE
2026-09-04T12:16:58.907Z	warn	403 fuer deleteFile von 56083 - instance=null, diese Bruecke ist LIVE
2026-09-04T12:16:58.964Z	warn	403 fuer deleteFile von 56084 - instance=null, diese Bruecke ist LIVE
2026-09-04T12:17:12.537Z	warn	403 fuer deleteFile von 56091 - instance=null, diese Bruecke ist LIVE
2026-09-04T12:18:20.775Z	info	Anker uebernommen: totalPlaytime 379.70 h
2026-09-04T12:18:20.780Z	info	Beobachte src/ auf Aenderungen
2026-09-04T12:18:25.635Z	info	Spiel verbunden - Verifikation laeuft, es wird noch nichts geschrieben
2026-09-04T12:18:26.083Z	info	Verifiziert in 446 ms: 197f4d61481686 BN10 L2, 379.72 h
2026-09-04T12:18:26.697Z	info	Sicherung connect gruen: LIVE_197f4d61481686_BN10L2_2026-09-04T14-18_connect.json.gz (526 ms)
2026-09-04T12:18:27.049Z	info	116 Datei(en) ins Spiel uebertragen
2026-09-04T13:00:02.906Z	info	1 Watcher-Meldung(en) ohne Inhaltsaenderung - nichts geschoben
2026-09-04T13:04:30.396Z	info	Anker uebernommen: totalPlaytime 380.42 h
2026-09-04T13:04:30.397Z	info	Beobachte src/ auf Aenderungen
2026-09-04T13:04:33.627Z	info	Spiel verbunden - Verifikation laeuft, es wird noch nichts geschrieben
2026-09-04T13:04:33.853Z	info	Verifiziert in 225 ms: 197f4d61481686 BN10 L2, 380.49 h
2026-09-04T13:04:34.179Z	info	Sicherung connect gruen: LIVE_197f4d61481686_BN10L2_2026-09-04T15-04_connect.json.gz (274 ms)
2026-09-04T13:04:34.325Z	info	116 Datei(en) ins Spiel uebertragen
2026-09-04T13:13:02.533Z	error	Schub verweigert: 41 Dateien > SCHUB_MAX 8
2026-09-04T13:13:02.611Z	info	Nach ## Sofort eingetragen: Grosser Schub verweigert (41 Dateien) - sieht nach einem Merge aus
2026-09-04T13:13:24.675Z	info	99 Watcher-Meldung(en) ohne Inhaltsaenderung - nichts geschoben
2026-09-04T13:18:09.201Z	error	Schub verweigert: 42 Dateien > SCHUB_MAX 8
2026-09-04T13:18:09.284Z	info	Nach ## Sofort eingetragen: Grosser Schub verweigert (42 Dateien) - sieht nach einem Merge aus
2026-09-04T13:18:12.294Z	info	1 Watcher-Meldung(en) ohne Inhaltsaenderung - nichts geschoben
2026-09-04T13:18:30.738Z	info	Sicherung hourly gruen: LIVE_197f4d61481686_BN10L2_2026-09-04T15-18_hourly.json.gz (255 ms)
2026-09-04T13:39:19.202Z	error	Schub verweigert: 47 Dateien > SCHUB_MAX 8
2026-09-04T13:39:19.321Z	info	Nach ## Sofort eingetragen: Grosser Schub verweigert (47 Dateien) - sieht nach einem Merge aus
2026-09-04T13:49:59.202Z	error	Schub verweigert: 47 Dateien > SCHUB_MAX 8
2026-09-04T14:00:30.015Z	info	1 Watcher-Meldung(en) ohne Inhaltsaenderung - nichts geschoben
2026-09-04T14:05:36.660Z	error	Schub verweigert: 49 Dateien > SCHUB_MAX 8
2026-09-04T14:05:36.787Z	info	Nach ## Sofort eingetragen: Grosser Schub verweigert (49 Dateien) - sieht nach einem Merge aus
2026-09-04T14:14:20.298Z	error	Schub verweigert: 49 Dateien > SCHUB_MAX 8
2026-09-04T14:14:30.593Z	error	Schub verweigert: 49 Dateien > SCHUB_MAX 8
2026-09-04T14:18:30.878Z	info	Sicherung hourly gruen: LIVE_197f4d61481686_BN10L2_2026-09-04T16-18_hourly.json.gz (263 ms)
2026-09-04T14:18:51.404Z	error	Schub verweigert: 49 Dateien > SCHUB_MAX 8
2026-09-04T14:32:59.567Z	info	Eingriff rpc: deleteFile augtest.js (1 im Puffer)
2026-09-04T14:32:59.628Z	info	Eingriff rpc: deleteFile coreprobe.js (2 im Puffer)
2026-09-04T14:32:59.685Z	info	Eingriff rpc: deleteFile kick.js (3 im Puffer)
2026-09-04T14:32:59.741Z	info	Eingriff rpc: deleteFile lib/combataugs.js (4 im Puffer)
2026-09-04T14:32:59.797Z	info	Eingriff rpc: deleteFile parkprobe.js (5 im Puffer)
2026-09-04T14:32:59.855Z	info	Eingriff rpc: deleteFile psdiag.js (6 im Puffer)
2026-09-04T14:32:59.909Z	info	Eingriff rpc: deleteFile rammess.js (7 im Puffer)
2026-09-04T14:32:59.969Z	info	Eingriff rpc: deleteFile ramprobe.js (8 im Puffer)
2026-09-04T14:33:00.030Z	info	Eingriff rpc: deleteFile ramtest.js (9 im Puffer)
2026-09-04T14:33:00.087Z	info	Eingriff rpc: deleteFile rpdiag.js (10 im Puffer)
2026-09-04T14:33:00.148Z	info	Eingriff rpc: deleteFile sfprobe.js (11 im Puffer)
2026-09-04T14:33:00.209Z	info	Eingriff rpc: deleteFile skilltest.js (12 im Puffer)
2026-09-04T14:33:00.274Z	info	Eingriff rpc: deleteFile sleeveinfo.js (13 im Puffer)
2026-09-04T14:33:00.337Z	info	Eingriff rpc: deleteFile spieler.js (14 im Puffer)
2026-09-04T14:33:00.395Z	info	Eingriff rpc: deleteFile src/sleeve.js (15 im Puffer)
2026-09-04T14:33:00.450Z	info	Eingriff rpc: deleteFile src/wbgrow.js (16 im Puffer)
2026-09-04T14:33:00.510Z	info	Eingriff rpc: deleteFile synctest.js (17 im Puffer)
2026-09-04T14:33:00.567Z	info	Eingriff rpc: deleteFile unkick.js (18 im Puffer)
2026-09-04T14:33:00.634Z	info	Eingriff rpc: deleteFile wachestat.js (19 im Puffer)
2026-09-04T14:35:21.234Z	warn	403 fuer pushFile von 50932 - instance=null, diese Bruecke ist LIVE
2026-09-04T14:35:51.497Z	warn	403 fuer pushFile von 50946 - instance=null, diese Bruecke ist LIVE
2026-09-04T14:37:11.498Z	info	Eingriff rpc: pushFile data/task.txt (20 im Puffer)
2026-09-04T14:39:48.219Z	error	Schub verweigert: 49 Dateien > SCHUB_MAX 8
2026-09-04T14:50:30.117Z	error	Schub verweigert: 49 Dateien > SCHUB_MAX 8
2026-09-04T14:57:46.902Z	info	Eingriff rpc: pushFile data/task.txt (21 im Puffer)
2026-09-04T14:58:02.165Z	info	Eingriff rpc: pushFile data/task.txt (22 im Puffer)
2026-09-04T14:58:47.486Z	info	Eingriff rpc: pushFile data/task.txt (23 im Puffer)
2026-09-04T14:59:33.955Z	info	Eingriff rpc: pushFile data/task.txt (24 im Puffer)
2026-09-04T15:00:19.263Z	info	Eingriff rpc: pushFile data/task.txt (25 im Puffer)
2026-09-04T15:02:19.119Z	info	1 Watcher-Meldung(en) ohne Inhaltsaenderung - nichts geschoben
2026-09-04T15:06:12.385Z	error	Schub verweigert: 49 Dateien > SCHUB_MAX 8
2026-09-04T15:14:44.839Z	error	Schub verweigert: 49 Dateien > SCHUB_MAX 8
2026-09-04T15:16:19.563Z	info	Anker uebernommen: totalPlaytime 382.67 h
2026-09-04T15:16:19.564Z	info	Beobachte src/ auf Aenderungen
2026-09-04T15:16:22.619Z	info	Spiel verbunden - Verifikation laeuft, es wird noch nichts geschrieben
2026-09-04T15:16:22.983Z	info	Verifiziert in 363 ms: 197f4d61481686 BN10 L2, 382.69 h
2026-09-04T15:16:23.438Z	info	Sicherung connect gruen: LIVE_197f4d61481686_BN10L2_2026-09-04T17-16_connect.json.gz (388 ms)
2026-09-04T15:16:23.800Z	info	Nachgereicht aus dem unverified-Fenster: 49 Datei(en)
2026-09-04T15:16:23.795Z	info	92 Datei(en) ins Spiel uebertragen - 49 aus einem verweigerten Schub ZURUECKGEHALTEN
2026-09-04T15:16:23.825Z	error	Schub verweigert: 49 Dateien > SCHUB_MAX 8
2026-09-04T15:16:23.927Z	info	Nach ## Sofort eingetragen: Grosser Schub verweigert (49 Dateien) - sieht nach einem Merge aus
2026-09-04T15:19:19.984Z	info	Sicherung hourly gruen: LIVE_197f4d61481686_BN10L2_2026-09-04T17-19_hourly.json.gz (327 ms)
2026-09-04T15:19:22.227Z	error	Schub verweigert: 49 Dateien > SCHUB_MAX 8
2026-09-04T15:20:53.581Z	error	Schub verweigert: 49 Dateien > SCHUB_MAX 8
2026-09-04T15:23:39.389Z	info	Master-Riegel gegen git ls-tree master -- src/ (142 Dateien)
2026-09-04T15:23:39.416Z	info	Beobachte src/ auf Aenderungen
2026-09-04T15:23:39.415Z	info	Anker uebernommen: totalPlaytime 382.74 h
2026-09-04T15:23:42.602Z	info	Spiel verbunden - Verifikation laeuft, es wird noch nichts geschrieben
2026-09-04T15:23:42.985Z	info	Verifiziert in 382 ms: 197f4d61481686 BN10 L2, 382.81 h
2026-09-04T15:23:43.496Z	info	Sicherung connect gruen: LIVE_197f4d61481686_BN10L2_2026-09-04T17-23_connect.json.gz (423 ms)
2026-09-04T15:23:43.752Z	info	92 Datei(en) ins Spiel uebertragen - 49 aus einem verweigerten Schub ZURUECKGEHALTEN
2026-09-04T15:23:43.759Z	info	Nachgereicht aus dem unverified-Fenster: 49 Datei(en)
2026-09-04T15:23:43.786Z	error	Schub verweigert: 49 Dateien > SCHUB_MAX 8
2026-09-04T15:23:43.874Z	info	Nach ## Sofort eingetragen: Grosser Schub verweigert (49 Dateien) - sieht nach einem Merge aus
2026-09-04T15:25:28.865Z	info	Eingriff rpc: pushFile data/task.txt (26 im Puffer)
2026-09-04T15:29:18.614Z	warn	403 fuer getPlayer von 60037 - instance=null, diese Bruecke ist LIVE
2026-09-04T15:29:34.321Z	warn	403 fuer ps von 60064 - instance=null, diese Bruecke ist LIVE
2026-09-04T15:29:34.396Z	warn	403 fuer getServer von 60065 - instance=null, diese Bruecke ist LIVE
2026-09-04T15:29:42.085Z	warn	403 fuer getServer von 60084 - instance=null, diese Bruecke ist LIVE
2026-09-04T15:29:46.250Z	info	Eingriff rpc: ps  (27 im Puffer)
2026-09-04T15:29:46.350Z	info	Eingriff rpc: getServer  (28 im Puffer)
2026-09-04T15:29:50.687Z	warn	403 fuer getPlayer von 60090 - instance=null, diese Bruecke ist LIVE
2026-09-04T15:29:50.888Z	warn	403 fuer ps von 60091 - instance=null, diese Bruecke ist LIVE
2026-09-04T15:29:55.658Z	warn	403 fuer getPlayer von 58976 - instance=null, diese Bruecke ist LIVE
2026-09-04T15:29:55.735Z	warn	403 fuer ps von 58977 - instance=null, diese Bruecke ist LIVE
2026-09-04T15:30:04.470Z	warn	403 fuer ps von 58988 - instance=null, diese Bruecke ist LIVE
2026-09-04T15:30:11.871Z	info	Eingriff rpc: pushFile data/install-sperre.txt (29 im Puffer)
2026-09-04T15:31:21.959Z	warn	403 fuer ps von 57236 - instance=null, diese Bruecke ist LIVE
2026-09-04T15:31:22.068Z	warn	403 fuer ls von 57237 - instance=null, diese Bruecke ist LIVE
2026-09-04T15:31:36.742Z	info	Eingriff rpc: ps  (30 im Puffer)
2026-09-04T15:31:50.141Z	warn	403 fuer ls von 51834 - instance=null, diese Bruecke ist LIVE
2026-09-04T15:32:14.069Z	warn	403 fuer ps von 51857 - instance=null, diese Bruecke ist LIVE
2026-09-04T15:32:16.326Z	warn	403 fuer ls von 51862 - instance=null, diese Bruecke ist LIVE
2026-09-04T15:33:27.445Z	warn	403 fuer getResetInfo von 51929 - instance=null, diese Bruecke ist LIVE
2026-09-04T15:34:19.360Z	warn	403 fuer ls von 62236 - instance=null, diese Bruecke ist LIVE
2026-09-04T15:34:43.696Z	warn	403 fuer getScriptRam von 62174 - instance=null, diese Bruecke ist LIVE
2026-09-04T15:35:11.486Z	warn	403 fuer ls von 62282 - instance=null, diese Bruecke ist LIVE
2026-09-04T15:35:15.553Z	warn	403 fuer ps von 62286 - instance=null, diese Bruecke ist LIVE
2026-09-04T15:35:15.665Z	warn	403 fuer ls von 62287 - instance=null, diese Bruecke ist LIVE
2026-09-04T15:35:24.313Z	info	Eingriff rpc: ps  (31 im Puffer)
2026-09-04T15:35:43.317Z	warn	403 fuer fileExists von 62303 - instance=null, diese Bruecke ist LIVE
2026-09-04T15:35:43.410Z	warn	403 fuer fileExists von 62304 - instance=null, diese Bruecke ist LIVE
2026-09-04T15:35:43.499Z	warn	403 fuer fileExists von 62305 - instance=null, diese Bruecke ist LIVE
2026-09-04T15:35:43.606Z	warn	403 fuer fileExists von 62306 - instance=null, diese Bruecke ist LIVE
2026-09-04T15:35:43.693Z	warn	403 fuer fileExists von 62307 - instance=null, diese Bruecke ist LIVE
2026-09-04T15:35:43.781Z	warn	403 fuer fileExists von 62308 - instance=null, diese Bruecke ist LIVE
2026-09-04T15:35:43.904Z	warn	403 fuer ps von 62309 - instance=null, diese Bruecke ist LIVE
2026-09-04T15:35:44.036Z	warn	403 fuer ps von 62310 - instance=null, diese Bruecke ist LIVE
2026-09-04T15:35:53.922Z	info	Eingriff rpc: ps  (32 im Puffer)
2026-09-04T15:36:20.469Z	warn	403 fuer ps von 62358 - instance=null, diese Bruecke ist LIVE
2026-09-04T15:37:13.643Z	warn	403 fuer getResetInfo von 61068 - instance=null, diese Bruecke ist LIVE
2026-09-04T15:37:26.577Z	info	Eingriff rpc: getResetInfo  (33 im Puffer)
2026-09-04T15:39:01.834Z	warn	403 fuer ls von 53767 - instance=null, diese Bruecke ist LIVE
2026-09-04T15:39:48.709Z	warn	403 fuer ps von 63239 - instance=null, diese Bruecke ist LIVE
2026-09-04T15:39:48.788Z	warn	403 fuer getServer von 63240 - instance=null, diese Bruecke ist LIVE
2026-09-04T15:39:51.808Z	error	Schub verweigert: 49 Dateien > SCHUB_MAX 8
2026-09-04T15:39:58.727Z	info	Eingriff rpc: ps  (34 im Puffer)
2026-09-04T15:40:27.839Z	warn	403 fuer ls von 63290 - instance=null, diese Bruecke ist LIVE
2026-09-04T15:40:36.034Z	warn	403 fuer getServerMaxRam von 63317 - instance=null, diese Bruecke ist LIVE
2026-09-04T15:40:36.203Z	warn	403 fuer getServerUsedRam von 63318 - instance=null, diese Bruecke ist LIVE
2026-09-04T15:40:36.373Z	warn	403 fuer getScriptRam von 63319 - instance=null, diese Bruecke ist LIVE
2026-09-04T15:41:29.778Z	warn	403 fuer ls von 64933 - instance=null, diese Bruecke ist LIVE
2026-09-04T15:42:29.441Z	warn	403 fuer getResetInfo von 55661 - instance=null, diese Bruecke ist LIVE
2026-09-04T15:43:36.787Z	warn	403 fuer ps von 53232 - instance=null, diese Bruecke ist LIVE
2026-09-04T15:43:37.162Z	warn	403 fuer getServer von 53233 - instance=null, diese Bruecke ist LIVE
2026-09-04T15:43:40.002Z	warn	403 fuer ls von 57545 - instance=null, diese Bruecke ist LIVE
2026-09-04T15:44:08.997Z	warn	403 fuer ls von 62600 - instance=null, diese Bruecke ist LIVE
2026-09-04T15:44:24.579Z	warn	403 fuer ps von 62615 - instance=null, diese Bruecke ist LIVE
2026-09-04T15:44:33.157Z	info	Eingriff rpc: ps  (35 im Puffer)
2026-09-04T15:44:54.587Z	warn	403 fuer ps von 49161 - instance=null, diese Bruecke ist LIVE
2026-09-04T15:45:07.210Z	info	Eingriff rpc: ps  (36 im Puffer)
2026-09-04T15:45:59.757Z	warn	403 fuer ps von 55708 - instance=null, diese Bruecke ist LIVE
2026-09-04T15:51:02.822Z	error	Schub verweigert: 49 Dateien > SCHUB_MAX 8
2026-09-04T16:00:11.751Z	info	Eingriff rpc: pushFile lib/bitnodes.json (37 im Puffer)
2026-09-04T16:00:11.789Z	info	Eingriff rpc: pushFile lib/eta.js (38 im Puffer)
2026-09-04T16:00:11.807Z	info	Eingriff rpc: pushFile lib/events.js (39 im Puffer)
2026-09-04T16:00:11.826Z	info	Eingriff rpc: pushFile lib/figurns.js (40 im Puffer)
2026-09-04T16:00:11.835Z	info	Eingriff rpc: pushFile lib/graftwahl.js (41 im Puffer)
2026-09-04T16:00:11.862Z	info	Eingriff rpc: pushFile lib/handschlag.js (42 im Puffer)
2026-09-04T16:00:11.869Z	info	Eingriff rpc: pushFile lib/herzschlag.js (43 im Puffer)
2026-09-04T16:00:11.897Z	info	Eingriff rpc: pushFile lib/motorzeit.js (44 im Puffer)
2026-09-04T16:00:11.906Z	info	Eingriff rpc: pushFile lib/reg.js (45 im Puffer)
2026-09-04T16:00:11.919Z	info	Eingriff rpc: pushFile lib/route.js (46 im Puffer)
2026-09-04T16:00:11.931Z	info	Eingriff rpc: pushFile lib/uhren.js (47 im Puffer)
2026-09-04T16:00:11.939Z	info	Eingriff rpc: pushFile graftplan.json (48 im Puffer)
2026-09-04T16:01:34.542Z	info	Master-Riegel gegen git ls-tree master -- src/ (142 Dateien)
2026-09-04T16:01:34.584Z	info	Anker uebernommen: totalPlaytime 383.32 h
2026-09-04T16:01:34.587Z	info	Beobachte src/ auf Aenderungen
2026-09-04T16:01:37.203Z	info	Spiel verbunden - Verifikation laeuft, es wird noch nichts geschrieben
2026-09-04T16:01:37.554Z	info	Verifiziert in 350 ms: 197f4d61481686 BN10 L2, 383.44 h
2026-09-04T16:01:38.106Z	info	Sicherung connect gruen: LIVE_197f4d61481686_BN10L2_2026-09-04T18-01_connect.json.gz (466 ms)
2026-09-04T16:01:38.357Z	info	92 Datei(en) ins Spiel uebertragen - 49 aus einem verweigerten Schub ZURUECKGEHALTEN
2026-09-04T16:01:38.362Z	info	Nachgereicht aus dem unverified-Fenster: 49 Datei(en)
2026-09-04T16:01:38.388Z	error	Schub verweigert: 49 Dateien > SCHUB_MAX 8
2026-09-04T16:01:38.515Z	info	Nach ## Sofort eingetragen: Grosser Schub verweigert (49 Dateien) - sieht nach einem Merge aus
2026-09-04T16:01:57.732Z	info	Eingriff rpc: pushFile lib/calc.js (49 im Puffer)
2026-09-04T16:01:57.754Z	info	Eingriff rpc: pushFile lib/endspurt.js (50 im Puffer)
2026-09-04T16:01:57.777Z	info	Eingriff rpc: pushFile lib/figur.js (51 im Puffer)
2026-09-04T16:01:57.796Z	info	Eingriff rpc: pushFile lib/kpi.js (52 im Puffer)
2026-09-04T16:01:57.811Z	info	Eingriff rpc: pushFile lib/leiter.js (53 im Puffer)
2026-09-04T16:01:57.836Z	info	Eingriff rpc: pushFile lib/loeser.js (54 im Puffer)
2026-09-04T16:01:57.875Z	info	Eingriff rpc: pushFile registry.json (55 im Puffer)
2026-09-04T16:05:28.224Z	error	Schub verweigert: 49 Dateien > SCHUB_MAX 8
2026-09-04T16:06:10.838Z	info	Eingriff rpc: deleteFile graftplan.json (56 im Puffer)
2026-09-04T16:07:10.006Z	error	Schub verweigert: 49 Dateien > SCHUB_MAX 8
2026-09-04T16:07:15.669Z	info	Eingriff rpc: pushFile probe.js (57 im Puffer)
2026-09-04T16:07:15.693Z	info	Eingriff rpc: pushFile travel.js (58 im Puffer)
2026-09-04T16:07:15.730Z	info	Eingriff rpc: pushFile homeram.js (59 im Puffer)
2026-09-04T16:07:15.745Z	info	Eingriff rpc: pushFile join.js (60 im Puffer)
2026-09-04T16:07:15.763Z	info	Eingriff rpc: pushFile buyaugs.js (61 im Puffer)
2026-09-04T16:07:15.778Z	info	Eingriff rpc: pushFile stopnight.js (62 im Puffer)
2026-09-04T16:07:15.787Z	info	Eingriff rpc: pushFile wakelock.js (63 im Puffer)
2026-09-04T16:07:31.472Z	info	Eingriff rpc: pushFile data/cmd.txt (64 im Puffer)
2026-09-04T16:09:36.952Z	info	Eingriff rpc: pushFile shop.js (65 im Puffer)
2026-09-04T16:09:36.965Z	info	Eingriff rpc: pushFile csolve.js (66 im Puffer)
2026-09-04T16:09:36.978Z	info	Eingriff rpc: pushFile cdump.js (67 im Puffer)
2026-09-04T16:09:36.996Z	info	Eingriff rpc: pushFile darkweb.js (68 im Puffer)
2026-09-04T16:09:37.015Z	info	Eingriff rpc: pushFile boerse.js (69 im Puffer)
2026-09-04T16:09:37.030Z	info	Eingriff rpc: pushFile punish.js (70 im Puffer)
2026-09-04T16:09:37.043Z	info	Eingriff rpc: pushFile kampfaugs.js (71 im Puffer)
2026-09-04T16:09:37.088Z	info	Eingriff rpc: pushFile graft.js (72 im Puffer)
2026-09-04T16:10:20.600Z	info	Eingriff rpc: ls  (73 im Puffer)
2026-09-04T16:10:48.519Z	info	Eingriff rpc: pushFile data/task.txt (74 im Puffer)
2026-09-04T16:11:48.863Z	info	Eingriff rpc: pushFile popups.js (75 im Puffer)
2026-09-04T16:12:40.499Z	info	Eingriff rpc: pushFile data/task.txt (76 im Puffer)
2026-09-04T16:16:23.026Z	info	Eingriff rpc: pushFile data/task.txt (77 im Puffer)
2026-09-04T16:16:28.045Z	info	Eingriff rpc: pushFile data/reload.txt (78 im Puffer)
2026-09-04T16:16:36.081Z	info	Eingriff rpc: pushFile data/task.txt (79 im Puffer)
2026-09-04T16:16:52.683Z	error	Schub verweigert: 49 Dateien > SCHUB_MAX 8
2026-09-04T16:16:56.770Z	info	Eingriff rpc: pushFile exit.js (80 im Puffer)
2026-09-04T16:16:56.784Z	info	Eingriff rpc: pushFile ausgang.js (81 im Puffer)
2026-09-04T16:16:57.003Z	info	Eingriff rpc: pushFile data/task.txt (82 im Puffer)
2026-09-04T16:17:02.016Z	info	Eingriff rpc: pushFile data/reload.txt (83 im Puffer)
2026-09-04T16:17:06.031Z	info	Eingriff rpc: pushFile data/task.txt (84 im Puffer)
2026-09-04T16:17:22.782Z	info	Eingriff rpc: pushFile data/task.txt (85 im Puffer)
2026-09-04T16:18:49.322Z	info	Eingriff rpc: pushFile data/task.txt (86 im Puffer)
2026-09-04T16:20:04.573Z	info	Eingriff rpc: pushFile data/task.txt (87 im Puffer)
2026-09-04T16:23:02.457Z	error	Schub verweigert: 49 Dateien > SCHUB_MAX 8
2026-09-04T16:24:21.493Z	error	Schub verweigert: 50 Dateien > SCHUB_MAX 8
2026-09-04T16:24:21.577Z	info	Nach ## Sofort eingetragen: Grosser Schub verweigert (50 Dateien) - sieht nach einem Merge aus
2026-09-04T16:24:35.020Z	info	Sicherung hourly gruen: LIVE_197f4d61481686_BN10L2_2026-09-04T18-24_hourly.json.gz (341 ms)
2026-09-04T16:24:56.935Z	info	Eingriff rpc: pushFile startdiag.js (88 im Puffer)
2026-09-04T16:24:57.225Z	info	Eingriff rpc: pushFile data/task.txt (89 im Puffer)
2026-09-04T16:28:37.724Z	info	Eingriff rpc: pushFile lib/batch.js (90 im Puffer)
2026-09-04T16:28:37.729Z	info	Eingriff rpc: pushFile lib/calc.js (91 im Puffer)
2026-09-04T16:28:37.735Z	info	Eingriff rpc: pushFile lib/endspurt.js (92 im Puffer)
2026-09-04T16:28:37.740Z	info	Eingriff rpc: pushFile lib/eta.js (93 im Puffer)
2026-09-04T16:28:37.746Z	info	Eingriff rpc: pushFile lib/events.js (94 im Puffer)
2026-09-04T16:28:37.751Z	info	Eingriff rpc: pushFile lib/figur.js (95 im Puffer)
2026-09-04T16:28:37.756Z	info	Eingriff rpc: pushFile lib/figurns.js (96 im Puffer)
2026-09-04T16:28:37.761Z	info	Eingriff rpc: pushFile lib/graftwahl.js (97 im Puffer)
2026-09-04T16:28:37.766Z	info	Eingriff rpc: pushFile lib/hackaugs.js (98 im Puffer)
2026-09-04T16:28:37.771Z	info	Eingriff rpc: pushFile lib/handschlag.js (99 im Puffer)
2026-09-04T16:28:37.776Z	info	Eingriff rpc: pushFile lib/herzschlag.js (100 im Puffer)
2026-09-04T16:28:37.780Z	info	Eingriff rpc: pushFile lib/kpi.js (101 im Puffer)
2026-09-04T16:28:37.785Z	info	Eingriff rpc: pushFile lib/leiter.js (102 im Puffer)
2026-09-04T16:28:37.792Z	info	Eingriff rpc: pushFile lib/loeser.js (103 im Puffer)
2026-09-04T16:28:37.797Z	info	Eingriff rpc: pushFile lib/motorzeit.js (104 im Puffer)
2026-09-04T16:28:37.801Z	info	Eingriff rpc: pushFile lib/reg.js (105 im Puffer)
2026-09-04T16:28:37.806Z	info	Eingriff rpc: pushFile lib/route.js (106 im Puffer)
2026-09-04T16:28:37.811Z	info	Eingriff rpc: pushFile lib/uhren.js (107 im Puffer)
2026-09-04T16:28:37.867Z	info	Eingriff rpc: pushFile lib/batch.js (108 im Puffer)
2026-09-04T16:28:37.876Z	info	Eingriff rpc: pushFile lib/calc.js (109 im Puffer)
2026-09-04T16:28:37.882Z	info	Eingriff rpc: pushFile lib/endspurt.js (110 im Puffer)
2026-09-04T16:28:37.886Z	info	Eingriff rpc: pushFile lib/eta.js (111 im Puffer)
2026-09-04T16:28:37.892Z	info	Eingriff rpc: pushFile lib/events.js (112 im Puffer)
2026-09-04T16:28:37.897Z	info	Eingriff rpc: pushFile lib/figur.js (113 im Puffer)
2026-09-04T16:28:37.902Z	info	Eingriff rpc: pushFile lib/figurns.js (114 im Puffer)
2026-09-04T16:28:37.906Z	info	Eingriff rpc: pushFile lib/graftwahl.js (115 im Puffer)
2026-09-04T16:28:37.911Z	info	Eingriff rpc: pushFile lib/handschlag.js (116 im Puffer)
2026-09-04T16:28:37.915Z	info	Eingriff rpc: pushFile lib/herzschlag.js (117 im Puffer)
2026-09-04T16:28:37.920Z	info	Eingriff rpc: pushFile lib/kpi.js (118 im Puffer)
2026-09-04T16:28:37.925Z	info	Eingriff rpc: pushFile lib/leiter.js (119 im Puffer)
2026-09-04T16:28:37.932Z	info	Eingriff rpc: pushFile lib/loeser.js (120 im Puffer)
2026-09-04T16:28:37.937Z	info	Eingriff rpc: pushFile lib/motorzeit.js (121 im Puffer)
2026-09-04T16:28:37.941Z	info	Eingriff rpc: pushFile lib/reg.js (122 im Puffer)
2026-09-04T16:28:37.946Z	info	Eingriff rpc: pushFile lib/route.js (123 im Puffer)
2026-09-04T16:28:37.950Z	info	Eingriff rpc: pushFile lib/uhren.js (124 im Puffer)
2026-09-04T16:28:37.985Z	info	Eingriff rpc: pushFile lib/batch.js (125 im Puffer)
2026-09-04T16:28:37.990Z	info	Eingriff rpc: pushFile lib/calc.js (126 im Puffer)
2026-09-04T16:28:37.995Z	info	Eingriff rpc: pushFile lib/endspurt.js (127 im Puffer)
2026-09-04T16:28:38.000Z	info	Eingriff rpc: pushFile lib/eta.js (128 im Puffer)
2026-09-04T16:28:38.005Z	info	Eingriff rpc: pushFile lib/events.js (129 im Puffer)
2026-09-04T16:28:38.009Z	info	Eingriff rpc: pushFile lib/figur.js (130 im Puffer)
2026-09-04T16:28:38.014Z	info	Eingriff rpc: pushFile lib/figurns.js (131 im Puffer)
2026-09-04T16:28:38.019Z	info	Eingriff rpc: pushFile lib/graftwahl.js (132 im Puffer)
2026-09-04T16:28:38.020Z	error	Schub verweigert: 50 Dateien > SCHUB_MAX 8
2026-09-04T16:28:38.024Z	info	Eingriff rpc: pushFile lib/hackaugs.js (133 im Puffer)
2026-09-04T16:28:38.029Z	info	Eingriff rpc: pushFile lib/handschlag.js (134 im Puffer)
2026-09-04T16:28:38.034Z	info	Eingriff rpc: pushFile lib/herzschlag.js (135 im Puffer)
2026-09-04T16:28:38.053Z	info	Eingriff rpc: pushFile lib/kpi.js (136 im Puffer)
2026-09-04T16:28:38.058Z	info	Eingriff rpc: pushFile lib/leiter.js (137 im Puffer)
2026-09-04T16:28:38.065Z	info	Eingriff rpc: pushFile lib/loeser.js (138 im Puffer)
2026-09-04T16:28:38.070Z	info	Eingriff rpc: pushFile lib/motorzeit.js (139 im Puffer)
2026-09-04T16:28:38.075Z	info	Eingriff rpc: pushFile lib/reg.js (140 im Puffer)
2026-09-04T16:28:38.080Z	info	Eingriff rpc: pushFile lib/route.js (141 im Puffer)
2026-09-04T16:28:38.084Z	info	Eingriff rpc: pushFile lib/uhren.js (142 im Puffer)
2026-09-04T16:28:38.127Z	info	Eingriff rpc: pushFile lib/batch.js (143 im Puffer)
2026-09-04T16:28:38.137Z	info	Eingriff rpc: pushFile lib/calc.js (144 im Puffer)
2026-09-04T16:28:38.142Z	info	Eingriff rpc: pushFile lib/endspurt.js (145 im Puffer)
2026-09-04T16:28:38.149Z	info	Eingriff rpc: pushFile lib/eta.js (146 im Puffer)
2026-09-04T16:28:38.157Z	info	Eingriff rpc: pushFile lib/events.js (147 im Puffer)
2026-09-04T16:28:38.162Z	info	Eingriff rpc: pushFile lib/figur.js (148 im Puffer)
2026-09-04T16:28:38.167Z	info	Eingriff rpc: pushFile lib/figurns.js (149 im Puffer)
2026-09-04T16:28:38.176Z	info	Eingriff rpc: pushFile lib/graftwahl.js (150 im Puffer)
2026-09-04T16:28:38.181Z	info	Eingriff rpc: pushFile lib/hackaugs.js (151 im Puffer)
2026-09-04T16:28:38.186Z	info	Eingriff rpc: pushFile lib/handschlag.js (152 im Puffer)
2026-09-04T16:28:38.191Z	info	Eingriff rpc: pushFile lib/herzschlag.js (153 im Puffer)
2026-09-04T16:28:38.197Z	info	Eingriff rpc: pushFile lib/kpi.js (154 im Puffer)
2026-09-04T16:28:38.203Z	info	Eingriff rpc: pushFile lib/leiter.js (155 im Puffer)
2026-09-04T16:28:38.215Z	info	Eingriff rpc: pushFile lib/loeser.js (156 im Puffer)
2026-09-04T16:28:38.220Z	info	Eingriff rpc: pushFile lib/motorzeit.js (157 im Puffer)
2026-09-04T16:28:38.225Z	info	Eingriff rpc: pushFile lib/reg.js (158 im Puffer)
2026-09-04T16:28:38.230Z	info	Eingriff rpc: pushFile lib/route.js (159 im Puffer)
2026-09-04T16:28:38.235Z	info	Eingriff rpc: pushFile lib/uhren.js (160 im Puffer)
2026-09-04T16:28:38.285Z	info	Eingriff rpc: pushFile lib/batch.js (161 im Puffer)
2026-09-04T16:28:38.289Z	info	Eingriff rpc: pushFile lib/calc.js (162 im Puffer)
2026-09-04T16:28:38.295Z	info	Eingriff rpc: pushFile lib/endspurt.js (163 im Puffer)
2026-09-04T16:28:38.300Z	info	Eingriff rpc: pushFile lib/eta.js (164 im Puffer)
2026-09-04T16:28:38.304Z	info	Eingriff rpc: pushFile lib/events.js (165 im Puffer)
2026-09-04T16:28:38.310Z	info	Eingriff rpc: pushFile lib/figur.js (166 im Puffer)
2026-09-04T16:28:38.315Z	info	Eingriff rpc: pushFile lib/figurns.js (167 im Puffer)
2026-09-04T16:28:38.320Z	info	Eingriff rpc: pushFile lib/graftwahl.js (168 im Puffer)
2026-09-04T16:28:38.325Z	info	Eingriff rpc: pushFile lib/handschlag.js (169 im Puffer)
2026-09-04T16:28:38.330Z	info	Eingriff rpc: pushFile lib/herzschlag.js (170 im Puffer)
2026-09-04T16:28:38.334Z	info	Eingriff rpc: pushFile lib/kpi.js (171 im Puffer)
2026-09-04T16:28:38.339Z	info	Eingriff rpc: pushFile lib/leiter.js (172 im Puffer)
2026-09-04T16:28:38.347Z	info	Eingriff rpc: pushFile lib/loeser.js (173 im Puffer)
2026-09-04T16:28:38.353Z	info	Eingriff rpc: pushFile lib/motorzeit.js (174 im Puffer)
2026-09-04T16:28:38.359Z	info	Eingriff rpc: pushFile lib/reg.js (175 im Puffer)
2026-09-04T16:28:38.365Z	info	Eingriff rpc: pushFile lib/route.js (176 im Puffer)
2026-09-04T16:28:38.370Z	info	Eingriff rpc: pushFile lib/uhren.js (177 im Puffer)
2026-09-04T16:28:38.412Z	info	Eingriff rpc: pushFile lib/batch.js (178 im Puffer)
2026-09-04T16:28:38.419Z	info	Eingriff rpc: pushFile lib/calc.js (179 im Puffer)
2026-09-04T16:28:38.423Z	info	Eingriff rpc: pushFile lib/endspurt.js (180 im Puffer)
2026-09-04T16:28:38.427Z	info	Eingriff rpc: pushFile lib/eta.js (181 im Puffer)
2026-09-04T16:28:38.433Z	info	Eingriff rpc: pushFile lib/events.js (182 im Puffer)
2026-09-04T16:28:38.452Z	info	Eingriff rpc: pushFile lib/figur.js (183 im Puffer)
2026-09-04T16:28:38.457Z	info	Eingriff rpc: pushFile lib/figurns.js (184 im Puffer)
2026-09-04T16:28:38.463Z	info	Eingriff rpc: pushFile lib/graftwahl.js (185 im Puffer)
2026-09-04T16:28:38.471Z	info	Eingriff rpc: pushFile lib/hackaugs.js (186 im Puffer)
2026-09-04T16:28:38.476Z	info	Eingriff rpc: pushFile lib/handschlag.js (187 im Puffer)
2026-09-04T16:28:38.480Z	info	Eingriff rpc: pushFile lib/herzschlag.js (188 im Puffer)
2026-09-04T16:28:38.486Z	info	Eingriff rpc: pushFile lib/kpi.js (189 im Puffer)
2026-09-04T16:28:38.494Z	info	Eingriff rpc: pushFile lib/leiter.js (190 im Puffer)
2026-09-04T16:28:38.503Z	info	Eingriff rpc: pushFile lib/loeser.js (191 im Puffer)
2026-09-04T16:28:38.508Z	info	Eingriff rpc: pushFile lib/motorzeit.js (192 im Puffer)
2026-09-04T16:28:38.513Z	info	Eingriff rpc: pushFile lib/reg.js (193 im Puffer)
2026-09-04T16:28:38.518Z	info	Eingriff rpc: pushFile lib/route.js (194 im Puffer)
2026-09-04T16:28:38.523Z	info	Eingriff rpc: pushFile lib/uhren.js (195 im Puffer)
2026-09-04T16:28:38.563Z	info	Eingriff rpc: pushFile lib/batch.js (196 im Puffer)
2026-09-04T16:28:38.568Z	info	Eingriff rpc: pushFile lib/calc.js (197 im Puffer)
2026-09-04T16:28:38.573Z	info	Eingriff rpc: pushFile lib/endspurt.js (198 im Puffer)
2026-09-04T16:28:38.578Z	info	Eingriff rpc: pushFile lib/eta.js (199 im Puffer)
2026-09-04T16:28:38.583Z	info	Eingriff rpc: pushFile lib/events.js (200 im Puffer)
2026-09-04T16:28:38.589Z	info	Eingriff rpc: pushFile lib/figur.js (200 im Puffer)
2026-09-04T16:28:38.594Z	info	Eingriff rpc: pushFile lib/figurns.js (200 im Puffer)
2026-09-04T16:28:38.600Z	info	Eingriff rpc: pushFile lib/graftwahl.js (200 im Puffer)
2026-09-04T16:28:38.605Z	info	Eingriff rpc: pushFile lib/hackaugs.js (200 im Puffer)
2026-09-04T16:28:38.613Z	info	Eingriff rpc: pushFile lib/handschlag.js (200 im Puffer)
2026-09-04T16:28:38.620Z	info	Eingriff rpc: pushFile lib/herzschlag.js (200 im Puffer)
2026-09-04T16:28:38.632Z	info	Eingriff rpc: pushFile lib/kpi.js (200 im Puffer)
2026-09-04T16:28:38.665Z	info	Eingriff rpc: pushFile lib/leiter.js (200 im Puffer)
2026-09-04T16:28:38.674Z	info	Eingriff rpc: pushFile lib/loeser.js (200 im Puffer)
2026-09-04T16:28:38.680Z	info	Eingriff rpc: pushFile lib/motorzeit.js (200 im Puffer)
2026-09-04T16:28:38.685Z	info	Eingriff rpc: pushFile lib/reg.js (200 im Puffer)
2026-09-04T16:28:38.690Z	info	Eingriff rpc: pushFile lib/route.js (200 im Puffer)
2026-09-04T16:28:38.695Z	info	Eingriff rpc: pushFile lib/uhren.js (200 im Puffer)
2026-09-04T16:28:38.734Z	info	Eingriff rpc: pushFile lib/batch.js (200 im Puffer)
2026-09-04T16:28:38.740Z	info	Eingriff rpc: pushFile lib/calc.js (200 im Puffer)
2026-09-04T16:28:38.747Z	info	Eingriff rpc: pushFile lib/endspurt.js (200 im Puffer)
2026-09-04T16:28:38.756Z	info	Eingriff rpc: pushFile lib/eta.js (200 im Puffer)
2026-09-04T16:28:38.761Z	info	Eingriff rpc: pushFile lib/events.js (200 im Puffer)
2026-09-04T16:28:38.767Z	info	Eingriff rpc: pushFile lib/figur.js (200 im Puffer)
2026-09-04T16:28:38.778Z	info	Eingriff rpc: pushFile lib/figurns.js (200 im Puffer)
2026-09-04T16:28:38.784Z	info	Eingriff rpc: pushFile lib/graftwahl.js (200 im Puffer)
2026-09-04T16:28:38.790Z	info	Eingriff rpc: pushFile lib/hackaugs.js (200 im Puffer)
2026-09-04T16:28:38.797Z	info	Eingriff rpc: pushFile lib/handschlag.js (200 im Puffer)
2026-09-04T16:28:38.838Z	info	Eingriff rpc: pushFile lib/herzschlag.js (200 im Puffer)
2026-09-04T16:28:38.843Z	info	Eingriff rpc: pushFile lib/kpi.js (200 im Puffer)
2026-09-04T16:28:38.849Z	info	Eingriff rpc: pushFile lib/leiter.js (200 im Puffer)
2026-09-04T16:28:38.887Z	info	Eingriff rpc: pushFile lib/loeser.js (200 im Puffer)
2026-09-04T16:28:38.893Z	info	Eingriff rpc: pushFile lib/motorzeit.js (200 im Puffer)
2026-09-04T16:28:38.897Z	info	Eingriff rpc: pushFile lib/reg.js (200 im Puffer)
2026-09-04T16:28:38.902Z	info	Eingriff rpc: pushFile lib/route.js (200 im Puffer)
2026-09-04T16:28:38.906Z	info	Eingriff rpc: pushFile lib/uhren.js (200 im Puffer)
2026-09-04T16:28:38.941Z	info	Eingriff rpc: pushFile lib/batch.js (200 im Puffer)
2026-09-04T16:28:38.946Z	info	Eingriff rpc: pushFile lib/calc.js (200 im Puffer)
2026-09-04T16:28:38.950Z	info	Eingriff rpc: pushFile lib/endspurt.js (200 im Puffer)
2026-09-04T16:28:38.955Z	info	Eingriff rpc: pushFile lib/eta.js (200 im Puffer)
2026-09-04T16:28:38.959Z	info	Eingriff rpc: pushFile lib/events.js (200 im Puffer)
2026-09-04T16:28:38.964Z	info	Eingriff rpc: pushFile lib/figur.js (200 im Puffer)
2026-09-04T16:28:38.968Z	info	Eingriff rpc: pushFile lib/figurns.js (200 im Puffer)
2026-09-04T16:28:38.973Z	info	Eingriff rpc: pushFile lib/graftwahl.js (200 im Puffer)
2026-09-04T16:28:38.978Z	info	Eingriff rpc: pushFile lib/hackaugs.js (200 im Puffer)
2026-09-04T16:28:38.983Z	info	Eingriff rpc: pushFile lib/handschlag.js (200 im Puffer)
2026-09-04T16:28:38.988Z	info	Eingriff rpc: pushFile lib/herzschlag.js (200 im Puffer)
2026-09-04T16:28:38.993Z	info	Eingriff rpc: pushFile lib/kpi.js (200 im Puffer)
2026-09-04T16:28:38.998Z	info	Eingriff rpc: pushFile lib/leiter.js (200 im Puffer)
2026-09-04T16:28:39.004Z	info	Eingriff rpc: pushFile lib/loeser.js (200 im Puffer)
2026-09-04T16:28:39.010Z	info	Eingriff rpc: pushFile lib/motorzeit.js (200 im Puffer)
2026-09-04T16:28:39.014Z	info	Eingriff rpc: pushFile lib/reg.js (200 im Puffer)
2026-09-04T16:28:39.019Z	info	Eingriff rpc: pushFile lib/route.js (200 im Puffer)
2026-09-04T16:28:39.024Z	info	Eingriff rpc: pushFile lib/uhren.js (200 im Puffer)
2026-09-04T16:28:39.076Z	info	Eingriff rpc: pushFile lib/batch.js (200 im Puffer)
2026-09-04T16:28:39.082Z	info	Eingriff rpc: pushFile lib/calc.js (200 im Puffer)
2026-09-04T16:28:39.087Z	info	Eingriff rpc: pushFile lib/endspurt.js (200 im Puffer)
2026-09-04T16:28:39.092Z	info	Eingriff rpc: pushFile lib/eta.js (200 im Puffer)
2026-09-04T16:28:39.096Z	info	Eingriff rpc: pushFile lib/events.js (200 im Puffer)
2026-09-04T16:28:39.101Z	info	Eingriff rpc: pushFile lib/figur.js (200 im Puffer)
2026-09-04T16:28:39.106Z	info	Eingriff rpc: pushFile lib/figurns.js (200 im Puffer)
2026-09-04T16:28:39.113Z	info	Eingriff rpc: pushFile lib/graftwahl.js (200 im Puffer)
2026-09-04T16:28:39.118Z	info	Eingriff rpc: pushFile lib/hackaugs.js (200 im Puffer)
2026-09-04T16:28:39.122Z	info	Eingriff rpc: pushFile lib/handschlag.js (200 im Puffer)
2026-09-04T16:28:39.128Z	info	Eingriff rpc: pushFile lib/herzschlag.js (200 im Puffer)
2026-09-04T16:28:39.138Z	info	Eingriff rpc: pushFile lib/kpi.js (200 im Puffer)
2026-09-04T16:28:39.144Z	info	Eingriff rpc: pushFile lib/leiter.js (200 im Puffer)
2026-09-04T16:28:39.151Z	info	Eingriff rpc: pushFile lib/loeser.js (200 im Puffer)
2026-09-04T16:28:39.156Z	info	Eingriff rpc: pushFile lib/motorzeit.js (200 im Puffer)
2026-09-04T16:28:39.161Z	info	Eingriff rpc: pushFile lib/reg.js (200 im Puffer)
2026-09-04T16:28:39.165Z	info	Eingriff rpc: pushFile lib/route.js (200 im Puffer)
2026-09-04T16:28:39.171Z	info	Eingriff rpc: pushFile lib/uhren.js (200 im Puffer)
2026-09-04T16:28:39.209Z	info	Eingriff rpc: pushFile lib/batch.js (200 im Puffer)
2026-09-04T16:28:39.213Z	info	Eingriff rpc: pushFile lib/calc.js (200 im Puffer)
2026-09-04T16:28:39.218Z	info	Eingriff rpc: pushFile lib/endspurt.js (200 im Puffer)
2026-09-04T16:28:39.224Z	info	Eingriff rpc: pushFile lib/eta.js (200 im Puffer)
2026-09-04T16:28:39.229Z	info	Eingriff rpc: pushFile lib/events.js (200 im Puffer)
2026-09-04T16:28:39.234Z	info	Eingriff rpc: pushFile lib/figur.js (200 im Puffer)
2026-09-04T16:28:39.251Z	info	Eingriff rpc: pushFile lib/figurns.js (200 im Puffer)
2026-09-04T16:28:39.256Z	info	Eingriff rpc: pushFile lib/graftwahl.js (200 im Puffer)
2026-09-04T16:28:39.262Z	info	Eingriff rpc: pushFile lib/hackaugs.js (200 im Puffer)
2026-09-04T16:28:39.267Z	info	Eingriff rpc: pushFile lib/handschlag.js (200 im Puffer)
2026-09-04T16:28:39.273Z	info	Eingriff rpc: pushFile lib/herzschlag.js (200 im Puffer)
2026-09-04T16:28:39.279Z	info	Eingriff rpc: pushFile lib/kpi.js (200 im Puffer)
2026-09-04T16:28:39.285Z	info	Eingriff rpc: pushFile lib/leiter.js (200 im Puffer)
2026-09-04T16:28:39.293Z	info	Eingriff rpc: pushFile lib/loeser.js (200 im Puffer)
2026-09-04T16:28:39.300Z	info	Eingriff rpc: pushFile lib/motorzeit.js (200 im Puffer)
2026-09-04T16:28:39.305Z	info	Eingriff rpc: pushFile lib/reg.js (200 im Puffer)
2026-09-04T16:28:39.311Z	info	Eingriff rpc: pushFile lib/route.js (200 im Puffer)
2026-09-04T16:28:39.317Z	info	Eingriff rpc: pushFile lib/uhren.js (200 im Puffer)
2026-09-04T16:28:39.358Z	info	Eingriff rpc: pushFile lib/batch.js (200 im Puffer)
2026-09-04T16:28:39.363Z	info	Eingriff rpc: pushFile lib/calc.js (200 im Puffer)
2026-09-04T16:28:39.370Z	info	Eingriff rpc: pushFile lib/endspurt.js (200 im Puffer)
2026-09-04T16:28:39.384Z	info	Eingriff rpc: pushFile lib/eta.js (200 im Puffer)
2026-09-04T16:28:39.399Z	info	Eingriff rpc: pushFile lib/events.js (200 im Puffer)
2026-09-04T16:28:39.409Z	info	Eingriff rpc: pushFile lib/figur.js (200 im Puffer)
2026-09-04T16:28:39.415Z	info	Eingriff rpc: pushFile lib/figurns.js (200 im Puffer)
2026-09-04T16:28:39.420Z	info	Eingriff rpc: pushFile lib/graftwahl.js (200 im Puffer)
2026-09-04T16:28:39.427Z	info	Eingriff rpc: pushFile lib/hackaugs.js (200 im Puffer)
2026-09-04T16:28:39.438Z	info	Eingriff rpc: pushFile lib/handschlag.js (200 im Puffer)
2026-09-04T16:28:39.460Z	info	Eingriff rpc: pushFile lib/herzschlag.js (200 im Puffer)
2026-09-04T16:28:39.469Z	info	Eingriff rpc: pushFile lib/kpi.js (200 im Puffer)
2026-09-04T16:28:39.476Z	info	Eingriff rpc: pushFile lib/leiter.js (200 im Puffer)
2026-09-04T16:28:39.483Z	info	Eingriff rpc: pushFile lib/loeser.js (200 im Puffer)
2026-09-04T16:28:39.488Z	info	Eingriff rpc: pushFile lib/motorzeit.js (200 im Puffer)
2026-09-04T16:28:39.497Z	info	Eingriff rpc: pushFile lib/reg.js (200 im Puffer)
2026-09-04T16:28:39.502Z	info	Eingriff rpc: pushFile lib/route.js (200 im Puffer)
2026-09-04T16:28:39.506Z	info	Eingriff rpc: pushFile lib/uhren.js (200 im Puffer)
2026-09-04T16:28:39.534Z	info	Eingriff rpc: pushFile lib/batch.js (200 im Puffer)
2026-09-04T16:28:39.539Z	info	Eingriff rpc: pushFile lib/calc.js (200 im Puffer)
2026-09-04T16:28:39.544Z	info	Eingriff rpc: pushFile lib/endspurt.js (200 im Puffer)
2026-09-04T16:28:39.548Z	info	Eingriff rpc: pushFile lib/eta.js (200 im Puffer)
2026-09-04T16:28:39.552Z	info	Eingriff rpc: pushFile lib/events.js (200 im Puffer)
2026-09-04T16:28:39.557Z	info	Eingriff rpc: pushFile lib/figur.js (200 im Puffer)
2026-09-04T16:28:39.561Z	info	Eingriff rpc: pushFile lib/figurns.js (200 im Puffer)
2026-09-04T16:28:39.566Z	info	Eingriff rpc: pushFile lib/graftwahl.js (200 im Puffer)
2026-09-04T16:28:39.572Z	info	Eingriff rpc: pushFile lib/hackaugs.js (200 im Puffer)
2026-09-04T16:28:39.577Z	info	Eingriff rpc: pushFile lib/handschlag.js (200 im Puffer)
2026-09-04T16:28:39.581Z	info	Eingriff rpc: pushFile lib/herzschlag.js (200 im Puffer)
2026-09-04T16:28:39.586Z	info	Eingriff rpc: pushFile lib/kpi.js (200 im Puffer)
2026-09-04T16:28:39.593Z	info	Eingriff rpc: pushFile lib/leiter.js (200 im Puffer)
2026-09-04T16:28:39.601Z	info	Eingriff rpc: pushFile lib/loeser.js (200 im Puffer)
2026-09-04T16:28:39.608Z	info	Eingriff rpc: pushFile lib/motorzeit.js (200 im Puffer)
2026-09-04T16:28:39.613Z	info	Eingriff rpc: pushFile lib/reg.js (200 im Puffer)
2026-09-04T16:28:39.620Z	info	Eingriff rpc: pushFile lib/route.js (200 im Puffer)
2026-09-04T16:28:39.626Z	info	Eingriff rpc: pushFile lib/uhren.js (200 im Puffer)
2026-09-04T16:28:39.694Z	info	Eingriff rpc: pushFile lib/batch.js (200 im Puffer)
2026-09-04T16:28:39.700Z	info	Eingriff rpc: pushFile lib/calc.js (200 im Puffer)
2026-09-04T16:28:39.706Z	info	Eingriff rpc: pushFile lib/endspurt.js (200 im Puffer)
2026-09-04T16:28:39.711Z	info	Eingriff rpc: pushFile lib/eta.js (200 im Puffer)
2026-09-04T16:28:39.717Z	info	Eingriff rpc: pushFile lib/events.js (200 im Puffer)
2026-09-04T16:28:39.723Z	info	Eingriff rpc: pushFile lib/figur.js (200 im Puffer)
2026-09-04T16:28:39.728Z	info	Eingriff rpc: pushFile lib/figurns.js (200 im Puffer)
2026-09-04T16:28:39.734Z	info	Eingriff rpc: pushFile lib/graftwahl.js (200 im Puffer)
2026-09-04T16:28:39.739Z	info	Eingriff rpc: pushFile lib/hackaugs.js (200 im Puffer)
2026-09-04T16:28:39.745Z	info	Eingriff rpc: pushFile lib/handschlag.js (200 im Puffer)
2026-09-04T16:28:39.752Z	info	Eingriff rpc: pushFile lib/herzschlag.js (200 im Puffer)
2026-09-04T16:28:39.760Z	info	Eingriff rpc: pushFile lib/kpi.js (200 im Puffer)
2026-09-04T16:28:39.766Z	info	Eingriff rpc: pushFile lib/leiter.js (200 im Puffer)
2026-09-04T16:28:39.774Z	info	Eingriff rpc: pushFile lib/loeser.js (200 im Puffer)
2026-09-04T16:28:39.780Z	info	Eingriff rpc: pushFile lib/motorzeit.js (200 im Puffer)
2026-09-04T16:28:39.784Z	info	Eingriff rpc: pushFile lib/reg.js (200 im Puffer)
2026-09-04T16:28:39.789Z	info	Eingriff rpc: pushFile lib/route.js (200 im Puffer)
2026-09-04T16:28:39.794Z	info	Eingriff rpc: pushFile lib/uhren.js (200 im Puffer)
2026-09-04T16:28:39.831Z	info	Eingriff rpc: pushFile lib/batch.js (200 im Puffer)
2026-09-04T16:28:39.852Z	info	Eingriff rpc: pushFile lib/calc.js (200 im Puffer)
2026-09-04T16:28:39.857Z	info	Eingriff rpc: pushFile lib/endspurt.js (200 im Puffer)
2026-09-04T16:28:39.862Z	info	Eingriff rpc: pushFile lib/eta.js (200 im Puffer)
2026-09-04T16:28:39.870Z	info	Eingriff rpc: pushFile lib/events.js (200 im Puffer)
2026-09-04T16:28:39.875Z	info	Eingriff rpc: pushFile lib/figur.js (200 im Puffer)
2026-09-04T16:28:39.880Z	info	Eingriff rpc: pushFile lib/figurns.js (200 im Puffer)
2026-09-04T16:28:39.889Z	info	Eingriff rpc: pushFile lib/graftwahl.js (200 im Puffer)
2026-09-04T16:28:39.896Z	info	Eingriff rpc: pushFile lib/hackaugs.js (200 im Puffer)
2026-09-04T16:28:39.902Z	info	Eingriff rpc: pushFile lib/handschlag.js (200 im Puffer)
2026-09-04T16:28:39.906Z	info	Eingriff rpc: pushFile lib/herzschlag.js (200 im Puffer)
2026-09-04T16:28:39.912Z	info	Eingriff rpc: pushFile lib/kpi.js (200 im Puffer)
2026-09-04T16:28:39.918Z	info	Eingriff rpc: pushFile lib/leiter.js (200 im Puffer)
2026-09-04T16:28:39.926Z	info	Eingriff rpc: pushFile lib/loeser.js (200 im Puffer)
2026-09-04T16:28:39.932Z	info	Eingriff rpc: pushFile lib/motorzeit.js (200 im Puffer)
2026-09-04T16:28:39.937Z	info	Eingriff rpc: pushFile lib/reg.js (200 im Puffer)
2026-09-04T16:28:39.943Z	info	Eingriff rpc: pushFile lib/route.js (200 im Puffer)
2026-09-04T16:28:39.948Z	info	Eingriff rpc: pushFile lib/uhren.js (200 im Puffer)
2026-09-04T16:28:39.990Z	info	Eingriff rpc: pushFile lib/batch.js (200 im Puffer)
2026-09-04T16:28:39.996Z	info	Eingriff rpc: pushFile lib/calc.js (200 im Puffer)
2026-09-04T16:28:40.001Z	info	Eingriff rpc: pushFile lib/endspurt.js (200 im Puffer)
2026-09-04T16:28:40.006Z	info	Eingriff rpc: pushFile lib/eta.js (200 im Puffer)
2026-09-04T16:28:40.011Z	info	Eingriff rpc: pushFile lib/events.js (200 im Puffer)
2026-09-04T16:28:40.016Z	info	Eingriff rpc: pushFile lib/figur.js (200 im Puffer)
2026-09-04T16:28:40.021Z	info	Eingriff rpc: pushFile lib/figurns.js (200 im Puffer)
2026-09-04T16:28:40.027Z	info	Eingriff rpc: pushFile lib/graftwahl.js (200 im Puffer)
2026-09-04T16:28:40.035Z	info	Eingriff rpc: pushFile lib/hackaugs.js (200 im Puffer)
2026-09-04T16:28:40.055Z	info	Eingriff rpc: pushFile lib/handschlag.js (200 im Puffer)
2026-09-04T16:28:40.061Z	info	Eingriff rpc: pushFile lib/herzschlag.js (200 im Puffer)
2026-09-04T16:28:40.067Z	info	Eingriff rpc: pushFile lib/kpi.js (200 im Puffer)
2026-09-04T16:28:40.073Z	info	Eingriff rpc: pushFile lib/leiter.js (200 im Puffer)
2026-09-04T16:28:40.082Z	info	Eingriff rpc: pushFile lib/loeser.js (200 im Puffer)
2026-09-04T16:28:40.088Z	info	Eingriff rpc: pushFile lib/motorzeit.js (200 im Puffer)
2026-09-04T16:28:40.093Z	info	Eingriff rpc: pushFile lib/reg.js (200 im Puffer)
2026-09-04T16:28:40.098Z	info	Eingriff rpc: pushFile lib/route.js (200 im Puffer)
2026-09-04T16:28:40.103Z	info	Eingriff rpc: pushFile lib/uhren.js (200 im Puffer)
2026-09-04T16:29:31.932Z	info	Eingriff rpc: pushFile data/task.txt (200 im Puffer)
2026-09-04T16:30:03.730Z	error	Schub verweigert: 50 Dateien > SCHUB_MAX 8
2026-09-04T16:30:56.037Z	info	Eingriff rpc: pushFile export.js (200 im Puffer)
2026-09-04T16:31:06.173Z	info	Eingriff rpc: pushFile data/task.txt (200 im Puffer)
2026-09-04T16:31:06.556Z	error	Schub verweigert: 50 Dateien > SCHUB_MAX 8
2026-09-04T16:31:20.142Z	info	Eingriff rpc: pushFile bn4net.js (200 im Puffer)
2026-09-04T16:31:20.425Z	info	Eingriff rpc: pushFile data/task.txt (200 im Puffer)
2026-09-04T16:31:25.443Z	info	Eingriff rpc: pushFile data/reload.txt (200 im Puffer)
2026-09-04T16:31:29.468Z	info	Eingriff rpc: pushFile data/task.txt (200 im Puffer)
2026-09-04T16:31:34.759Z	info	Nach ## Sofort eingetragen: Bruecke ohne Sicherung - Spielstand liegt in Downloads
2026-09-04T16:35:20.381Z	info	Eingriff rpc: pushFile contracts.js (200 im Puffer)
2026-09-04T16:35:20.600Z	info	Eingriff rpc: pushFile data/task.txt (200 im Puffer)
2026-09-04T16:35:25.611Z	info	Eingriff rpc: pushFile data/reload.txt (200 im Puffer)
2026-09-04T16:35:29.629Z	info	Eingriff rpc: pushFile data/task.txt (200 im Puffer)
2026-09-04T16:35:52.042Z	info	Eingriff rpc: pushFile blade.js (200 im Puffer)
2026-09-04T16:35:52.076Z	info	Eingriff rpc: pushFile bbtrain.js (200 im Puffer)
2026-09-04T16:35:52.093Z	info	Eingriff rpc: pushFile bn4life.js (200 im Puffer)
2026-09-04T16:35:52.117Z	info	Eingriff rpc: pushFile bn4rep.js (200 im Puffer)
2026-09-04T16:35:59.491Z	info	Eingriff rpc: pushFile data/task.txt (200 im Puffer)
2026-09-04T16:36:04.504Z	info	Eingriff rpc: pushFile data/reload.txt (200 im Puffer)
2026-09-04T16:36:08.521Z	info	Eingriff rpc: pushFile data/task.txt (200 im Puffer)
2026-09-04T16:36:13.535Z	info	Eingriff rpc: pushFile data/reload.txt (200 im Puffer)
2026-09-04T16:36:21.553Z	info	Eingriff rpc: pushFile data/task.txt (200 im Puffer)
2026-09-04T16:36:26.564Z	info	Eingriff rpc: pushFile data/reload.txt (200 im Puffer)
2026-09-04T16:36:30.574Z	info	Eingriff rpc: pushFile data/task.txt (200 im Puffer)
2026-09-04T16:36:40.587Z	info	Eingriff rpc: pushFile data/reload.txt (200 im Puffer)
2026-09-04T16:36:48.649Z	info	Eingriff rpc: pushFile data/task.txt (200 im Puffer)
2026-09-04T16:37:25.222Z	info	6 Watcher-Meldung(en) ohne Inhaltsaenderung - nichts geschoben
2026-09-04T16:37:48.213Z	error	Schub verweigert: 50 Dateien > SCHUB_MAX 8
2026-09-04T16:37:51.620Z	error	Schub verweigert: 50 Dateien > SCHUB_MAX 8
2026-09-04T16:38:47.078Z	info	1 Watcher-Meldung(en) ohne Inhaltsaenderung - nichts geschoben
2026-09-04T16:40:00.364Z	error	Schub verweigert: 50 Dateien > SCHUB_MAX 8
2026-09-04T16:42:25.737Z	error	Schub verweigert: 50 Dateien > SCHUB_MAX 8
2026-09-04T16:43:23.688Z	info	Eingriff rpc: pushFile data/aktionen.txt (200 im Puffer)
2026-09-04T16:43:58.999Z	error	Schub verweigert: 50 Dateien > SCHUB_MAX 8
2026-09-04T16:44:17.596Z	error	Schub verweigert: 50 Dateien > SCHUB_MAX 8
2026-09-04T16:44:57.522Z	error	Schub verweigert: 50 Dateien > SCHUB_MAX 8
2026-09-04T16:45:00.520Z	error	Schub verweigert: 50 Dateien > SCHUB_MAX 8
2026-09-04T16:45:03.480Z	error	Schub verweigert: 50 Dateien > SCHUB_MAX 8
2026-09-04T16:45:49.249Z	info	Eingriff rpc: pushFile data/task.txt (200 im Puffer)
2026-09-04T16:49:37.568Z	info	Eingriff rpc: pushFile data/task.txt (200 im Puffer)
2026-09-04T16:50:29.015Z	info	Eingriff rpc: pushFile data/task.txt (200 im Puffer)
2026-09-04T16:52:38.086Z	info	Eingriff rpc: pushFile data/task.txt (200 im Puffer)
2026-09-04T16:53:10.651Z	info	Eingriff rpc: pushFile data/task.txt (200 im Puffer)
2026-09-04T16:53:56.138Z	info	Eingriff rpc: pushFile data/task.txt (200 im Puffer)
2026-09-04T16:55:21.390Z	info	Eingriff rpc: pushFile data/task.txt (200 im Puffer)
2026-09-04T16:57:42.741Z	error	Schub verweigert: 50 Dateien > SCHUB_MAX 8
2026-09-04T16:58:09.954Z	error	Schub verweigert: 50 Dateien > SCHUB_MAX 8
2026-09-04T16:59:54.039Z	error	Schub verweigert: 51 Dateien > SCHUB_MAX 8
2026-09-04T16:59:54.123Z	info	Nach ## Sofort eingetragen: Grosser Schub verweigert (51 Dateien) - sieht nach einem Merge aus
2026-09-04T17:00:34.271Z	error	Schub verweigert: 51 Dateien > SCHUB_MAX 8
2026-09-04T17:00:59.965Z	error	Schub verweigert: 51 Dateien > SCHUB_MAX 8
2026-09-04T17:01:30.230Z	error	Schub verweigert: 51 Dateien > SCHUB_MAX 8
2026-09-04T17:02:17.022Z	error	Schub verweigert: 51 Dateien > SCHUB_MAX 8
2026-09-04T17:06:45.139Z	error	Schub verweigert: 51 Dateien > SCHUB_MAX 8
2026-09-04T17:15:13.445Z	error	Schub verweigert: 51 Dateien > SCHUB_MAX 8
2026-09-04T17:20:14.349Z	info	Eingriff rpc: pushFile lib/hostdatei.js (200 im Puffer)
2026-09-04T17:20:14.359Z	info	Eingriff rpc: pushFile lib/handschlag.js (200 im Puffer)
2026-09-04T17:20:14.373Z	info	Eingriff rpc: pushFile registry.json (200 im Puffer)
2026-09-04T17:20:14.398Z	info	Eingriff rpc: pushFile blade.js (200 im Puffer)
2026-09-04T17:20:14.417Z	info	Eingriff rpc: pushFile export.js (200 im Puffer)
2026-09-04T17:20:14.424Z	info	Eingriff rpc: pushFile boerse.js (200 im Puffer)
2026-09-04T17:20:43.195Z	info	Eingriff rpc: pushFile data/task.txt (200 im Puffer)
2026-09-04T17:20:57.220Z	info	Eingriff rpc: pushFile data/task.txt (200 im Puffer)
2026-09-04T17:21:02.233Z	info	Eingriff rpc: pushFile data/reload.txt (200 im Puffer)
2026-09-04T17:21:14.262Z	info	Eingriff rpc: pushFile data/task.txt (200 im Puffer)
2026-09-04T17:21:49.459Z	info	Eingriff rpc: pushFile data/task.txt (200 im Puffer)
2026-09-04T17:21:54.470Z	info	Eingriff rpc: pushFile data/reload.txt (200 im Puffer)
2026-09-04T17:22:02.488Z	info	Eingriff rpc: pushFile data/task.txt (200 im Puffer)
2026-09-04T17:22:07.498Z	info	Eingriff rpc: pushFile data/reload.txt (200 im Puffer)
2026-09-04T17:22:11.511Z	info	Eingriff rpc: pushFile data/task.txt (200 im Puffer)
2026-09-04T17:22:16.519Z	info	Eingriff rpc: pushFile data/reload.txt (200 im Puffer)
2026-09-04T17:22:24.533Z	info	Eingriff rpc: pushFile data/task.txt (200 im Puffer)
2026-09-04T17:22:29.542Z	info	Eingriff rpc: pushFile data/reload.txt (200 im Puffer)
2026-09-04T17:22:33.554Z	info	Eingriff rpc: pushFile data/task.txt (200 im Puffer)
2026-09-04T17:24:16.056Z	info	Eingriff rpc: deleteFile lib/batch.js (200 im Puffer)
2026-09-04T17:24:16.060Z	info	Eingriff rpc: deleteFile lib/calc.js (200 im Puffer)
2026-09-04T17:24:16.064Z	info	Eingriff rpc: deleteFile lib/endspurt.js (200 im Puffer)
2026-09-04T17:24:16.068Z	info	Eingriff rpc: deleteFile lib/eta.js (200 im Puffer)
2026-09-04T17:24:16.073Z	info	Eingriff rpc: deleteFile lib/events.js (200 im Puffer)
2026-09-04T17:24:16.077Z	info	Eingriff rpc: deleteFile lib/figur.js (200 im Puffer)
2026-09-04T17:24:16.081Z	info	Eingriff rpc: deleteFile lib/figurns.js (200 im Puffer)
2026-09-04T17:24:16.086Z	info	Eingriff rpc: deleteFile lib/graftwahl.js (200 im Puffer)
2026-09-04T17:24:16.090Z	info	Eingriff rpc: deleteFile lib/hackaugs.js (200 im Puffer)
2026-09-04T17:24:16.094Z	info	Eingriff rpc: deleteFile lib/handschlag.js (200 im Puffer)
2026-09-04T17:24:16.097Z	info	Eingriff rpc: deleteFile lib/herzschlag.js (200 im Puffer)
2026-09-04T17:24:16.101Z	info	Eingriff rpc: deleteFile lib/hostdatei.js (200 im Puffer)
2026-09-04T17:24:16.104Z	info	Eingriff rpc: deleteFile lib/kpi.js (200 im Puffer)
2026-09-04T17:24:16.108Z	info	Eingriff rpc: deleteFile lib/leiter.js (200 im Puffer)
2026-09-04T17:24:16.112Z	info	Eingriff rpc: deleteFile lib/loeser.js (200 im Puffer)
2026-09-04T17:24:16.118Z	info	Eingriff rpc: deleteFile lib/motorzeit.js (200 im Puffer)
2026-09-04T17:24:16.121Z	info	Eingriff rpc: deleteFile lib/reg.js (200 im Puffer)
2026-09-04T17:24:16.124Z	info	Eingriff rpc: deleteFile lib/route.js (200 im Puffer)
2026-09-04T17:24:16.126Z	info	Eingriff rpc: deleteFile lib/uhren.js (200 im Puffer)
2026-09-04T17:24:16.129Z	info	Eingriff rpc: deleteFile lib/batch.js (200 im Puffer)
2026-09-04T17:24:16.133Z	info	Eingriff rpc: deleteFile lib/calc.js (200 im Puffer)
2026-09-04T17:24:16.136Z	info	Eingriff rpc: deleteFile lib/endspurt.js (200 im Puffer)
2026-09-04T17:24:16.138Z	info	Eingriff rpc: deleteFile lib/eta.js (200 im Puffer)
2026-09-04T17:24:16.141Z	info	Eingriff rpc: deleteFile lib/events.js (200 im Puffer)
2026-09-04T17:24:16.144Z	info	Eingriff rpc: deleteFile lib/figur.js (200 im Puffer)
2026-09-04T17:24:16.147Z	info	Eingriff rpc: deleteFile lib/figurns.js (200 im Puffer)
2026-09-04T17:24:16.150Z	info	Eingriff rpc: deleteFile lib/graftwahl.js (200 im Puffer)
2026-09-04T17:24:16.154Z	info	Eingriff rpc: deleteFile lib/hackaugs.js (200 im Puffer)
2026-09-04T17:24:16.157Z	info	Eingriff rpc: deleteFile lib/handschlag.js (200 im Puffer)
2026-09-04T17:24:16.159Z	info	Eingriff rpc: deleteFile lib/herzschlag.js (200 im Puffer)
2026-09-04T17:24:16.162Z	info	Eingriff rpc: deleteFile lib/hostdatei.js (200 im Puffer)
2026-09-04T17:24:16.165Z	info	Eingriff rpc: deleteFile lib/kpi.js (200 im Puffer)
2026-09-04T17:24:16.168Z	info	Eingriff rpc: deleteFile lib/leiter.js (200 im Puffer)
2026-09-04T17:24:16.171Z	info	Eingriff rpc: deleteFile lib/loeser.js (200 im Puffer)
2026-09-04T17:24:16.174Z	info	Eingriff rpc: deleteFile lib/motorzeit.js (200 im Puffer)
2026-09-04T17:24:16.177Z	info	Eingriff rpc: deleteFile lib/reg.js (200 im Puffer)
2026-09-04T17:24:16.180Z	info	Eingriff rpc: deleteFile lib/route.js (200 im Puffer)
2026-09-04T17:24:16.183Z	info	Eingriff rpc: deleteFile lib/uhren.js (200 im Puffer)
2026-09-04T17:24:16.185Z	info	Eingriff rpc: deleteFile lib/batch.js (200 im Puffer)
2026-09-04T17:24:16.188Z	info	Eingriff rpc: deleteFile lib/calc.js (200 im Puffer)
2026-09-04T17:24:16.191Z	info	Eingriff rpc: deleteFile lib/endspurt.js (200 im Puffer)
2026-09-04T17:24:16.195Z	info	Eingriff rpc: deleteFile lib/eta.js (200 im Puffer)
2026-09-04T17:24:16.198Z	info	Eingriff rpc: deleteFile lib/events.js (200 im Puffer)
2026-09-04T17:24:16.200Z	info	Eingriff rpc: deleteFile lib/figur.js (200 im Puffer)
2026-09-04T17:24:16.203Z	info	Eingriff rpc: deleteFile lib/figurns.js (200 im Puffer)
2026-09-04T17:24:16.206Z	info	Eingriff rpc: deleteFile lib/graftwahl.js (200 im Puffer)
2026-09-04T17:24:16.209Z	info	Eingriff rpc: deleteFile lib/hackaugs.js (200 im Puffer)
2026-09-04T17:24:16.212Z	info	Eingriff rpc: deleteFile lib/handschlag.js (200 im Puffer)
2026-09-04T17:24:16.215Z	info	Eingriff rpc: deleteFile lib/herzschlag.js (200 im Puffer)
2026-09-04T17:24:16.218Z	info	Eingriff rpc: deleteFile lib/hostdatei.js (200 im Puffer)
2026-09-04T17:24:16.221Z	info	Eingriff rpc: deleteFile lib/kpi.js (200 im Puffer)
2026-09-04T17:24:16.224Z	info	Eingriff rpc: deleteFile lib/leiter.js (200 im Puffer)
2026-09-04T17:24:16.226Z	info	Eingriff rpc: deleteFile lib/loeser.js (200 im Puffer)
2026-09-04T17:24:16.229Z	info	Eingriff rpc: deleteFile lib/motorzeit.js (200 im Puffer)
2026-09-04T17:24:16.245Z	info	Eingriff rpc: deleteFile lib/reg.js (200 im Puffer)
2026-09-04T17:24:16.248Z	info	Eingriff rpc: deleteFile lib/route.js (200 im Puffer)
2026-09-04T17:24:16.252Z	info	Eingriff rpc: deleteFile lib/uhren.js (200 im Puffer)
2026-09-04T17:24:16.255Z	info	Eingriff rpc: deleteFile lib/batch.js (200 im Puffer)
2026-09-04T17:24:16.258Z	info	Eingriff rpc: deleteFile lib/calc.js (200 im Puffer)
2026-09-04T17:24:16.261Z	info	Eingriff rpc: deleteFile lib/endspurt.js (200 im Puffer)
2026-09-04T17:24:16.264Z	info	Eingriff rpc: deleteFile lib/eta.js (200 im Puffer)
2026-09-04T17:24:16.266Z	info	Eingriff rpc: deleteFile lib/events.js (200 im Puffer)
2026-09-04T17:24:16.269Z	info	Eingriff rpc: deleteFile lib/figur.js (200 im Puffer)
2026-09-04T17:24:16.273Z	info	Eingriff rpc: deleteFile lib/figurns.js (200 im Puffer)
2026-09-04T17:24:16.276Z	info	Eingriff rpc: deleteFile lib/graftwahl.js (200 im Puffer)
2026-09-04T17:24:16.278Z	info	Eingriff rpc: deleteFile lib/hackaugs.js (200 im Puffer)
2026-09-04T17:24:16.281Z	info	Eingriff rpc: deleteFile lib/handschlag.js (200 im Puffer)
2026-09-04T17:24:16.284Z	info	Eingriff rpc: deleteFile lib/herzschlag.js (200 im Puffer)
2026-09-04T17:24:16.287Z	info	Eingriff rpc: deleteFile lib/hostdatei.js (200 im Puffer)
2026-09-04T17:24:16.289Z	info	Eingriff rpc: deleteFile lib/kpi.js (200 im Puffer)
2026-09-04T17:24:16.295Z	info	Eingriff rpc: deleteFile lib/leiter.js (200 im Puffer)
2026-09-04T17:24:16.298Z	info	Eingriff rpc: deleteFile lib/loeser.js (200 im Puffer)
2026-09-04T17:24:16.301Z	info	Eingriff rpc: deleteFile lib/motorzeit.js (200 im Puffer)
2026-09-04T17:24:16.303Z	info	Eingriff rpc: deleteFile lib/reg.js (200 im Puffer)
2026-09-04T17:24:16.306Z	info	Eingriff rpc: deleteFile lib/route.js (200 im Puffer)
2026-09-04T17:24:16.309Z	info	Eingriff rpc: deleteFile lib/uhren.js (200 im Puffer)
2026-09-04T17:24:16.313Z	info	Eingriff rpc: deleteFile lib/batch.js (200 im Puffer)
2026-09-04T17:24:16.316Z	info	Eingriff rpc: deleteFile lib/calc.js (200 im Puffer)
2026-09-04T17:24:16.319Z	info	Eingriff rpc: deleteFile lib/endspurt.js (200 im Puffer)
2026-09-04T17:24:16.321Z	info	Eingriff rpc: deleteFile lib/eta.js (200 im Puffer)
2026-09-04T17:24:16.324Z	info	Eingriff rpc: deleteFile lib/events.js (200 im Puffer)
2026-09-04T17:24:16.327Z	info	Eingriff rpc: deleteFile lib/figur.js (200 im Puffer)
2026-09-04T17:24:16.330Z	info	Eingriff rpc: deleteFile lib/figurns.js (200 im Puffer)
2026-09-04T17:24:16.334Z	info	Eingriff rpc: deleteFile lib/graftwahl.js (200 im Puffer)
2026-09-04T17:24:16.337Z	info	Eingriff rpc: deleteFile lib/hackaugs.js (200 im Puffer)
2026-09-04T17:24:16.340Z	info	Eingriff rpc: deleteFile lib/handschlag.js (200 im Puffer)
2026-09-04T17:24:16.342Z	info	Eingriff rpc: deleteFile lib/herzschlag.js (200 im Puffer)
2026-09-04T17:24:16.345Z	info	Eingriff rpc: deleteFile lib/hostdatei.js (200 im Puffer)
2026-09-04T17:24:16.348Z	info	Eingriff rpc: deleteFile lib/kpi.js (200 im Puffer)
2026-09-04T17:24:16.351Z	info	Eingriff rpc: deleteFile lib/leiter.js (200 im Puffer)
2026-09-04T17:24:16.354Z	info	Eingriff rpc: deleteFile lib/loeser.js (200 im Puffer)
2026-09-04T17:24:16.357Z	info	Eingriff rpc: deleteFile lib/motorzeit.js (200 im Puffer)
2026-09-04T17:24:16.360Z	info	Eingriff rpc: deleteFile lib/reg.js (200 im Puffer)
2026-09-04T17:24:16.363Z	info	Eingriff rpc: deleteFile lib/route.js (200 im Puffer)
2026-09-04T17:24:16.365Z	info	Eingriff rpc: deleteFile lib/uhren.js (200 im Puffer)
2026-09-04T17:24:16.368Z	info	Eingriff rpc: deleteFile lib/batch.js (200 im Puffer)
2026-09-04T17:24:16.371Z	info	Eingriff rpc: deleteFile lib/calc.js (200 im Puffer)
2026-09-04T17:24:16.375Z	info	Eingriff rpc: deleteFile lib/endspurt.js (200 im Puffer)
2026-09-04T17:24:16.378Z	info	Eingriff rpc: deleteFile lib/eta.js (200 im Puffer)
2026-09-04T17:24:16.380Z	info	Eingriff rpc: deleteFile lib/events.js (200 im Puffer)
2026-09-04T17:24:16.383Z	info	Eingriff rpc: deleteFile lib/figur.js (200 im Puffer)
2026-09-04T17:24:16.387Z	info	Eingriff rpc: deleteFile lib/figurns.js (200 im Puffer)
2026-09-04T17:24:16.390Z	info	Eingriff rpc: deleteFile lib/graftwahl.js (200 im Puffer)
2026-09-04T17:24:16.394Z	info	Eingriff rpc: deleteFile lib/hackaugs.js (200 im Puffer)
2026-09-04T17:24:16.396Z	info	Eingriff rpc: deleteFile lib/handschlag.js (200 im Puffer)
2026-09-04T17:24:16.399Z	info	Eingriff rpc: deleteFile lib/herzschlag.js (200 im Puffer)
2026-09-04T17:24:16.402Z	info	Eingriff rpc: deleteFile lib/hostdatei.js (200 im Puffer)
2026-09-04T17:24:16.405Z	info	Eingriff rpc: deleteFile lib/kpi.js (200 im Puffer)
2026-09-04T17:24:16.408Z	info	Eingriff rpc: deleteFile lib/leiter.js (200 im Puffer)
2026-09-04T17:24:16.413Z	info	Eingriff rpc: deleteFile lib/loeser.js (200 im Puffer)
2026-09-04T17:24:16.416Z	info	Eingriff rpc: deleteFile lib/motorzeit.js (200 im Puffer)
2026-09-04T17:24:16.419Z	info	Eingriff rpc: deleteFile lib/reg.js (200 im Puffer)
2026-09-04T17:24:16.422Z	info	Eingriff rpc: deleteFile lib/route.js (200 im Puffer)
2026-09-04T17:24:16.425Z	info	Eingriff rpc: deleteFile lib/uhren.js (200 im Puffer)
2026-09-04T17:24:16.428Z	info	Eingriff rpc: deleteFile lib/batch.js (200 im Puffer)
2026-09-04T17:24:16.443Z	info	Eingriff rpc: deleteFile lib/calc.js (200 im Puffer)
2026-09-04T17:24:16.447Z	info	Eingriff rpc: deleteFile lib/endspurt.js (200 im Puffer)
2026-09-04T17:24:16.451Z	info	Eingriff rpc: deleteFile lib/eta.js (200 im Puffer)
2026-09-04T17:24:16.455Z	info	Eingriff rpc: deleteFile lib/events.js (200 im Puffer)
2026-09-04T17:24:16.458Z	info	Eingriff rpc: deleteFile lib/figur.js (200 im Puffer)
2026-09-04T17:24:16.462Z	info	Eingriff rpc: deleteFile lib/figurns.js (200 im Puffer)
2026-09-04T17:24:16.466Z	info	Eingriff rpc: deleteFile lib/graftwahl.js (200 im Puffer)
2026-09-04T17:24:16.483Z	info	Eingriff rpc: deleteFile lib/hackaugs.js (200 im Puffer)
2026-09-04T17:24:16.488Z	info	Eingriff rpc: deleteFile lib/handschlag.js (200 im Puffer)
2026-09-04T17:24:16.494Z	info	Eingriff rpc: deleteFile lib/herzschlag.js (200 im Puffer)
2026-09-04T17:24:16.499Z	info	Eingriff rpc: deleteFile lib/hostdatei.js (200 im Puffer)
2026-09-04T17:24:16.506Z	info	Eingriff rpc: deleteFile lib/kpi.js (200 im Puffer)
2026-09-04T17:24:16.513Z	info	Eingriff rpc: deleteFile lib/leiter.js (200 im Puffer)
2026-09-04T17:24:16.519Z	info	Eingriff rpc: deleteFile lib/loeser.js (200 im Puffer)
2026-09-04T17:24:16.523Z	info	Eingriff rpc: deleteFile lib/motorzeit.js (200 im Puffer)
2026-09-04T17:24:16.527Z	info	Eingriff rpc: deleteFile lib/reg.js (200 im Puffer)
2026-09-04T17:24:16.535Z	info	Eingriff rpc: deleteFile lib/route.js (200 im Puffer)
2026-09-04T17:24:16.539Z	info	Eingriff rpc: deleteFile lib/uhren.js (200 im Puffer)
2026-09-04T17:24:16.543Z	info	Eingriff rpc: deleteFile lib/batch.js (200 im Puffer)
2026-09-04T17:24:16.547Z	info	Eingriff rpc: deleteFile lib/calc.js (200 im Puffer)
2026-09-04T17:24:16.550Z	info	Eingriff rpc: deleteFile lib/endspurt.js (200 im Puffer)
2026-09-04T17:24:16.554Z	info	Eingriff rpc: deleteFile lib/eta.js (200 im Puffer)
2026-09-04T17:24:16.558Z	info	Eingriff rpc: deleteFile lib/events.js (200 im Puffer)
2026-09-04T17:24:16.561Z	info	Eingriff rpc: deleteFile lib/figur.js (200 im Puffer)
2026-09-04T17:24:16.564Z	info	Eingriff rpc: deleteFile lib/figurns.js (200 im Puffer)
2026-09-04T17:24:16.567Z	info	Eingriff rpc: deleteFile lib/graftwahl.js (200 im Puffer)
2026-09-04T17:24:16.570Z	info	Eingriff rpc: deleteFile lib/hackaugs.js (200 im Puffer)
2026-09-04T17:24:16.574Z	info	Eingriff rpc: deleteFile lib/handschlag.js (200 im Puffer)
2026-09-04T17:24:16.578Z	info	Eingriff rpc: deleteFile lib/herzschlag.js (200 im Puffer)
2026-09-04T17:24:16.581Z	info	Eingriff rpc: deleteFile lib/hostdatei.js (200 im Puffer)
2026-09-04T17:24:16.584Z	info	Eingriff rpc: deleteFile lib/kpi.js (200 im Puffer)
2026-09-04T17:24:16.587Z	info	Eingriff rpc: deleteFile lib/leiter.js (200 im Puffer)
2026-09-04T17:24:16.590Z	info	Eingriff rpc: deleteFile lib/loeser.js (200 im Puffer)
2026-09-04T17:24:16.594Z	info	Eingriff rpc: deleteFile lib/motorzeit.js (200 im Puffer)
2026-09-04T17:24:16.597Z	info	Eingriff rpc: deleteFile lib/reg.js (200 im Puffer)
2026-09-04T17:24:16.600Z	info	Eingriff rpc: deleteFile lib/route.js (200 im Puffer)
2026-09-04T17:24:16.602Z	info	Eingriff rpc: deleteFile lib/uhren.js (200 im Puffer)
2026-09-04T17:24:16.605Z	info	Eingriff rpc: deleteFile lib/batch.js (200 im Puffer)
2026-09-04T17:24:16.608Z	info	Eingriff rpc: deleteFile lib/calc.js (200 im Puffer)
2026-09-04T17:24:16.612Z	info	Eingriff rpc: deleteFile lib/endspurt.js (200 im Puffer)
2026-09-04T17:24:16.615Z	info	Eingriff rpc: deleteFile lib/eta.js (200 im Puffer)
2026-09-04T17:24:16.618Z	info	Eingriff rpc: deleteFile lib/events.js (200 im Puffer)
2026-09-04T17:24:16.621Z	info	Eingriff rpc: deleteFile lib/figur.js (200 im Puffer)
2026-09-04T17:24:16.623Z	info	Eingriff rpc: deleteFile lib/figurns.js (200 im Puffer)
2026-09-04T17:24:16.626Z	info	Eingriff rpc: deleteFile lib/graftwahl.js (200 im Puffer)
2026-09-04T17:24:16.629Z	info	Eingriff rpc: deleteFile lib/hackaugs.js (200 im Puffer)
2026-09-04T17:24:16.641Z	info	Eingriff rpc: deleteFile lib/handschlag.js (200 im Puffer)
2026-09-04T17:24:16.644Z	info	Eingriff rpc: deleteFile lib/herzschlag.js (200 im Puffer)
2026-09-04T17:24:16.647Z	info	Eingriff rpc: deleteFile lib/hostdatei.js (200 im Puffer)
2026-09-04T17:24:16.650Z	info	Eingriff rpc: deleteFile lib/kpi.js (200 im Puffer)
2026-09-04T17:24:16.654Z	info	Eingriff rpc: deleteFile lib/leiter.js (200 im Puffer)
2026-09-04T17:24:16.657Z	info	Eingriff rpc: deleteFile lib/loeser.js (200 im Puffer)
2026-09-04T17:24:16.660Z	info	Eingriff rpc: deleteFile lib/motorzeit.js (200 im Puffer)
2026-09-04T17:24:16.663Z	info	Eingriff rpc: deleteFile lib/reg.js (200 im Puffer)
2026-09-04T17:24:16.667Z	info	Eingriff rpc: deleteFile lib/route.js (200 im Puffer)
2026-09-04T17:24:16.670Z	info	Eingriff rpc: deleteFile lib/uhren.js (200 im Puffer)
2026-09-04T17:24:16.674Z	info	Eingriff rpc: deleteFile lib/batch.js (200 im Puffer)
2026-09-04T17:24:16.676Z	info	Eingriff rpc: deleteFile lib/calc.js (200 im Puffer)
2026-09-04T17:24:16.679Z	info	Eingriff rpc: deleteFile lib/endspurt.js (200 im Puffer)
2026-09-04T17:24:16.682Z	info	Eingriff rpc: deleteFile lib/eta.js (200 im Puffer)
2026-09-04T17:24:16.685Z	info	Eingriff rpc: deleteFile lib/events.js (200 im Puffer)
2026-09-04T17:24:16.687Z	info	Eingriff rpc: deleteFile lib/figur.js (200 im Puffer)
2026-09-04T17:24:16.691Z	info	Eingriff rpc: deleteFile lib/figurns.js (200 im Puffer)
2026-09-04T17:24:16.694Z	info	Eingriff rpc: deleteFile lib/graftwahl.js (200 im Puffer)
2026-09-04T17:24:16.697Z	info	Eingriff rpc: deleteFile lib/hackaugs.js (200 im Puffer)
2026-09-04T17:24:16.700Z	info	Eingriff rpc: deleteFile lib/handschlag.js (200 im Puffer)
2026-09-04T17:24:16.702Z	info	Eingriff rpc: deleteFile lib/herzschlag.js (200 im Puffer)
2026-09-04T17:24:16.705Z	info	Eingriff rpc: deleteFile lib/hostdatei.js (200 im Puffer)
2026-09-04T17:24:16.708Z	info	Eingriff rpc: deleteFile lib/kpi.js (200 im Puffer)
2026-09-04T17:24:16.711Z	info	Eingriff rpc: deleteFile lib/leiter.js (200 im Puffer)
2026-09-04T17:24:16.714Z	info	Eingriff rpc: deleteFile lib/loeser.js (200 im Puffer)
2026-09-04T17:24:16.717Z	info	Eingriff rpc: deleteFile lib/motorzeit.js (200 im Puffer)
2026-09-04T17:24:16.720Z	info	Eingriff rpc: deleteFile lib/reg.js (200 im Puffer)
2026-09-04T17:24:16.723Z	info	Eingriff rpc: deleteFile lib/route.js (200 im Puffer)
2026-09-04T17:24:16.725Z	info	Eingriff rpc: deleteFile lib/uhren.js (200 im Puffer)
2026-09-04T17:24:16.728Z	info	Eingriff rpc: deleteFile lib/batch.js (200 im Puffer)
2026-09-04T17:24:16.731Z	info	Eingriff rpc: deleteFile lib/calc.js (200 im Puffer)
2026-09-04T17:24:16.735Z	info	Eingriff rpc: deleteFile lib/endspurt.js (200 im Puffer)
2026-09-04T17:24:16.737Z	info	Eingriff rpc: deleteFile lib/eta.js (200 im Puffer)
2026-09-04T17:24:16.740Z	info	Eingriff rpc: deleteFile lib/events.js (200 im Puffer)
2026-09-04T17:24:16.743Z	info	Eingriff rpc: deleteFile lib/figur.js (200 im Puffer)
2026-09-04T17:24:16.745Z	info	Eingriff rpc: deleteFile lib/figurns.js (200 im Puffer)
2026-09-04T17:24:16.748Z	info	Eingriff rpc: deleteFile lib/graftwahl.js (200 im Puffer)
2026-09-04T17:24:16.752Z	info	Eingriff rpc: deleteFile lib/hackaugs.js (200 im Puffer)
2026-09-04T17:24:16.755Z	info	Eingriff rpc: deleteFile lib/handschlag.js (200 im Puffer)
2026-09-04T17:24:16.758Z	info	Eingriff rpc: deleteFile lib/herzschlag.js (200 im Puffer)
2026-09-04T17:24:16.761Z	info	Eingriff rpc: deleteFile lib/hostdatei.js (200 im Puffer)
2026-09-04T17:24:16.764Z	info	Eingriff rpc: deleteFile lib/kpi.js (200 im Puffer)
2026-09-04T17:24:16.767Z	info	Eingriff rpc: deleteFile lib/leiter.js (200 im Puffer)
2026-09-04T17:24:16.771Z	info	Eingriff rpc: deleteFile lib/loeser.js (200 im Puffer)
2026-09-04T17:24:16.774Z	info	Eingriff rpc: deleteFile lib/motorzeit.js (200 im Puffer)
2026-09-04T17:24:16.777Z	info	Eingriff rpc: deleteFile lib/reg.js (200 im Puffer)
2026-09-04T17:24:16.780Z	info	Eingriff rpc: deleteFile lib/route.js (200 im Puffer)
2026-09-04T17:24:16.783Z	info	Eingriff rpc: deleteFile lib/uhren.js (200 im Puffer)
2026-09-04T17:24:16.786Z	info	Eingriff rpc: deleteFile lib/batch.js (200 im Puffer)
2026-09-04T17:24:16.789Z	info	Eingriff rpc: deleteFile lib/calc.js (200 im Puffer)
2026-09-04T17:24:16.792Z	info	Eingriff rpc: deleteFile lib/endspurt.js (200 im Puffer)
2026-09-04T17:24:16.795Z	info	Eingriff rpc: deleteFile lib/eta.js (200 im Puffer)
2026-09-04T17:24:16.798Z	info	Eingriff rpc: deleteFile lib/events.js (200 im Puffer)
2026-09-04T17:24:16.801Z	info	Eingriff rpc: deleteFile lib/figur.js (200 im Puffer)
2026-09-04T17:24:16.803Z	info	Eingriff rpc: deleteFile lib/figurns.js (200 im Puffer)
2026-09-04T17:24:16.806Z	info	Eingriff rpc: deleteFile lib/graftwahl.js (200 im Puffer)
2026-09-04T17:24:16.809Z	info	Eingriff rpc: deleteFile lib/hackaugs.js (200 im Puffer)
2026-09-04T17:24:16.812Z	info	Eingriff rpc: deleteFile lib/handschlag.js (200 im Puffer)
2026-09-04T17:24:16.815Z	info	Eingriff rpc: deleteFile lib/herzschlag.js (200 im Puffer)
2026-09-04T17:24:16.818Z	info	Eingriff rpc: deleteFile lib/hostdatei.js (200 im Puffer)
2026-09-04T17:24:16.821Z	info	Eingriff rpc: deleteFile lib/kpi.js (200 im Puffer)
2026-09-04T17:24:16.824Z	info	Eingriff rpc: deleteFile lib/leiter.js (200 im Puffer)
2026-09-04T17:24:16.826Z	info	Eingriff rpc: deleteFile lib/loeser.js (200 im Puffer)
2026-09-04T17:24:16.829Z	info	Eingriff rpc: deleteFile lib/motorzeit.js (200 im Puffer)
2026-09-04T17:24:16.843Z	info	Eingriff rpc: deleteFile lib/reg.js (200 im Puffer)
2026-09-04T17:24:16.846Z	info	Eingriff rpc: deleteFile lib/route.js (200 im Puffer)
2026-09-04T17:24:16.849Z	info	Eingriff rpc: deleteFile lib/uhren.js (200 im Puffer)
2026-09-04T17:24:16.853Z	info	Eingriff rpc: deleteFile lib/batch.js (200 im Puffer)
2026-09-04T17:24:16.856Z	info	Eingriff rpc: deleteFile lib/calc.js (200 im Puffer)
2026-09-04T17:24:16.859Z	info	Eingriff rpc: deleteFile lib/endspurt.js (200 im Puffer)
2026-09-04T17:24:16.862Z	info	Eingriff rpc: deleteFile lib/eta.js (200 im Puffer)
2026-09-04T17:24:16.865Z	info	Eingriff rpc: deleteFile lib/events.js (200 im Puffer)
2026-09-04T17:24:16.868Z	info	Eingriff rpc: deleteFile lib/figur.js (200 im Puffer)
2026-09-04T17:24:16.871Z	info	Eingriff rpc: deleteFile lib/figurns.js (200 im Puffer)
2026-09-04T17:24:16.874Z	info	Eingriff rpc: deleteFile lib/graftwahl.js (200 im Puffer)
2026-09-04T17:24:16.877Z	info	Eingriff rpc: deleteFile lib/hackaugs.js (200 im Puffer)
2026-09-04T17:24:16.880Z	info	Eingriff rpc: deleteFile lib/handschlag.js (200 im Puffer)
2026-09-04T17:24:16.883Z	info	Eingriff rpc: deleteFile lib/herzschlag.js (200 im Puffer)
2026-09-04T17:24:16.886Z	info	Eingriff rpc: deleteFile lib/hostdatei.js (200 im Puffer)
2026-09-04T17:24:16.888Z	info	Eingriff rpc: deleteFile lib/kpi.js (200 im Puffer)
2026-09-04T17:24:16.892Z	info	Eingriff rpc: deleteFile lib/leiter.js (200 im Puffer)
2026-09-04T17:24:16.895Z	info	Eingriff rpc: deleteFile lib/loeser.js (200 im Puffer)
2026-09-04T17:24:16.898Z	info	Eingriff rpc: deleteFile lib/motorzeit.js (200 im Puffer)
2026-09-04T17:24:16.901Z	info	Eingriff rpc: deleteFile lib/reg.js (200 im Puffer)
2026-09-04T17:24:16.904Z	info	Eingriff rpc: deleteFile lib/route.js (200 im Puffer)
2026-09-04T17:24:16.906Z	info	Eingriff rpc: deleteFile lib/uhren.js (200 im Puffer)
2026-09-04T17:24:16.909Z	info	Eingriff rpc: deleteFile lib/batch.js (200 im Puffer)
2026-09-04T17:24:16.913Z	info	Eingriff rpc: deleteFile lib/calc.js (200 im Puffer)
2026-09-04T17:24:16.916Z	info	Eingriff rpc: deleteFile lib/endspurt.js (200 im Puffer)
2026-09-04T17:24:16.919Z	info	Eingriff rpc: deleteFile lib/eta.js (200 im Puffer)
2026-09-04T17:24:16.922Z	info	Eingriff rpc: deleteFile lib/events.js (200 im Puffer)
2026-09-04T17:24:16.925Z	info	Eingriff rpc: deleteFile lib/figur.js (200 im Puffer)
2026-09-04T17:24:16.929Z	info	Eingriff rpc: deleteFile lib/figurns.js (200 im Puffer)
2026-09-04T17:24:16.934Z	info	Eingriff rpc: deleteFile lib/graftwahl.js (200 im Puffer)
2026-09-04T17:24:16.938Z	info	Eingriff rpc: deleteFile lib/hackaugs.js (200 im Puffer)
2026-09-04T17:24:16.941Z	info	Eingriff rpc: deleteFile lib/handschlag.js (200 im Puffer)
2026-09-04T17:24:16.944Z	info	Eingriff rpc: deleteFile lib/herzschlag.js (200 im Puffer)
2026-09-04T17:24:16.947Z	info	Eingriff rpc: deleteFile lib/hostdatei.js (200 im Puffer)
2026-09-04T17:24:16.950Z	info	Eingriff rpc: deleteFile lib/kpi.js (200 im Puffer)
2026-09-04T17:24:16.954Z	info	Eingriff rpc: deleteFile lib/leiter.js (200 im Puffer)
2026-09-04T17:24:16.957Z	info	Eingriff rpc: deleteFile lib/loeser.js (200 im Puffer)
2026-09-04T17:24:16.960Z	info	Eingriff rpc: deleteFile lib/motorzeit.js (200 im Puffer)
2026-09-04T17:24:16.963Z	info	Eingriff rpc: deleteFile lib/reg.js (200 im Puffer)
2026-09-04T17:24:16.966Z	info	Eingriff rpc: deleteFile lib/route.js (200 im Puffer)
2026-09-04T17:24:16.969Z	info	Eingriff rpc: deleteFile lib/uhren.js (200 im Puffer)
2026-09-04T17:24:16.972Z	info	Eingriff rpc: deleteFile lib/batch.js (200 im Puffer)
2026-09-04T17:24:16.975Z	info	Eingriff rpc: deleteFile lib/calc.js (200 im Puffer)
2026-09-04T17:24:16.978Z	info	Eingriff rpc: deleteFile lib/endspurt.js (200 im Puffer)
2026-09-04T17:24:16.980Z	info	Eingriff rpc: deleteFile lib/eta.js (200 im Puffer)
2026-09-04T17:24:16.983Z	info	Eingriff rpc: deleteFile lib/events.js (200 im Puffer)
2026-09-04T17:24:16.986Z	info	Eingriff rpc: deleteFile lib/figur.js (200 im Puffer)
2026-09-04T17:24:16.988Z	info	Eingriff rpc: deleteFile lib/figurns.js (200 im Puffer)
2026-09-04T17:24:16.992Z	info	Eingriff rpc: deleteFile lib/graftwahl.js (200 im Puffer)
2026-09-04T17:24:16.995Z	info	Eingriff rpc: deleteFile lib/hackaugs.js (200 im Puffer)
2026-09-04T17:24:16.998Z	info	Eingriff rpc: deleteFile lib/handschlag.js (200 im Puffer)
2026-09-04T17:24:17.001Z	info	Eingriff rpc: deleteFile lib/herzschlag.js (200 im Puffer)
2026-09-04T17:24:17.003Z	info	Eingriff rpc: deleteFile lib/hostdatei.js (200 im Puffer)
2026-09-04T17:24:17.006Z	info	Eingriff rpc: deleteFile lib/kpi.js (200 im Puffer)
2026-09-04T17:24:17.009Z	info	Eingriff rpc: deleteFile lib/leiter.js (200 im Puffer)
2026-09-04T17:24:17.012Z	info	Eingriff rpc: deleteFile lib/loeser.js (200 im Puffer)
2026-09-04T17:24:17.015Z	info	Eingriff rpc: deleteFile lib/motorzeit.js (200 im Puffer)
2026-09-04T17:24:17.018Z	info	Eingriff rpc: deleteFile lib/reg.js (200 im Puffer)
2026-09-04T17:24:17.021Z	info	Eingriff rpc: deleteFile lib/route.js (200 im Puffer)
2026-09-04T17:24:17.023Z	info	Eingriff rpc: deleteFile lib/uhren.js (200 im Puffer)
2026-09-04T17:24:17.026Z	info	Eingriff rpc: deleteFile lib/batch.js (200 im Puffer)
2026-09-04T17:24:17.029Z	info	Eingriff rpc: deleteFile lib/calc.js (200 im Puffer)
2026-09-04T17:24:17.042Z	info	Eingriff rpc: deleteFile lib/endspurt.js (200 im Puffer)
2026-09-04T17:24:17.045Z	info	Eingriff rpc: deleteFile lib/eta.js (200 im Puffer)
2026-09-04T17:24:17.048Z	info	Eingriff rpc: deleteFile lib/events.js (200 im Puffer)
2026-09-04T17:24:17.052Z	info	Eingriff rpc: deleteFile lib/figur.js (200 im Puffer)
2026-09-04T17:24:17.055Z	info	Eingriff rpc: deleteFile lib/figurns.js (200 im Puffer)
2026-09-04T17:24:17.058Z	info	Eingriff rpc: deleteFile lib/graftwahl.js (200 im Puffer)
2026-09-04T17:24:17.060Z	info	Eingriff rpc: deleteFile lib/hackaugs.js (200 im Puffer)
2026-09-04T17:24:17.063Z	info	Eingriff rpc: deleteFile lib/handschlag.js (200 im Puffer)
2026-09-04T17:24:17.066Z	info	Eingriff rpc: deleteFile lib/herzschlag.js (200 im Puffer)
2026-09-04T17:24:17.068Z	info	Eingriff rpc: deleteFile lib/hostdatei.js (200 im Puffer)
2026-09-04T17:24:17.072Z	info	Eingriff rpc: deleteFile lib/kpi.js (200 im Puffer)
2026-09-04T17:24:17.075Z	info	Eingriff rpc: deleteFile lib/leiter.js (200 im Puffer)
2026-09-04T17:24:17.078Z	info	Eingriff rpc: deleteFile lib/loeser.js (200 im Puffer)
2026-09-04T17:24:17.080Z	info	Eingriff rpc: deleteFile lib/motorzeit.js (200 im Puffer)
2026-09-04T17:24:17.083Z	info	Eingriff rpc: deleteFile lib/reg.js (200 im Puffer)
2026-09-04T17:24:17.086Z	info	Eingriff rpc: deleteFile lib/route.js (200 im Puffer)
2026-09-04T17:24:17.088Z	info	Eingriff rpc: deleteFile lib/uhren.js (200 im Puffer)
2026-09-04T17:24:17.092Z	info	Eingriff rpc: deleteFile lib/batch.js (200 im Puffer)
2026-09-04T17:24:17.095Z	info	Eingriff rpc: deleteFile lib/calc.js (200 im Puffer)
2026-09-04T17:24:17.098Z	info	Eingriff rpc: deleteFile lib/endspurt.js (200 im Puffer)
2026-09-04T17:24:17.101Z	info	Eingriff rpc: deleteFile lib/eta.js (200 im Puffer)
2026-09-04T17:24:17.104Z	info	Eingriff rpc: deleteFile lib/events.js (200 im Puffer)
2026-09-04T17:24:17.107Z	info	Eingriff rpc: deleteFile lib/figur.js (200 im Puffer)
2026-09-04T17:24:17.110Z	info	Eingriff rpc: deleteFile lib/figurns.js (200 im Puffer)
2026-09-04T17:24:17.114Z	info	Eingriff rpc: deleteFile lib/graftwahl.js (200 im Puffer)
2026-09-04T17:24:17.117Z	info	Eingriff rpc: deleteFile lib/hackaugs.js (200 im Puffer)
2026-09-04T17:24:17.119Z	info	Eingriff rpc: deleteFile lib/handschlag.js (200 im Puffer)
2026-09-04T17:24:17.122Z	info	Eingriff rpc: deleteFile lib/herzschlag.js (200 im Puffer)
2026-09-04T17:24:17.125Z	info	Eingriff rpc: deleteFile lib/hostdatei.js (200 im Puffer)
2026-09-04T17:24:17.127Z	info	Eingriff rpc: deleteFile lib/kpi.js (200 im Puffer)
2026-09-04T17:24:17.130Z	info	Eingriff rpc: deleteFile lib/leiter.js (200 im Puffer)
2026-09-04T17:24:17.134Z	info	Eingriff rpc: deleteFile lib/loeser.js (200 im Puffer)
2026-09-04T17:24:17.137Z	info	Eingriff rpc: deleteFile lib/motorzeit.js (200 im Puffer)
2026-09-04T17:24:17.139Z	info	Eingriff rpc: deleteFile lib/reg.js (200 im Puffer)
2026-09-04T17:24:17.142Z	info	Eingriff rpc: deleteFile lib/route.js (200 im Puffer)
2026-09-04T17:24:17.145Z	info	Eingriff rpc: deleteFile lib/uhren.js (200 im Puffer)
2026-09-04T17:24:17.148Z	info	Eingriff rpc: deleteFile lib/batch.js (200 im Puffer)
2026-09-04T17:24:17.152Z	info	Eingriff rpc: deleteFile lib/calc.js (200 im Puffer)
2026-09-04T17:24:17.155Z	info	Eingriff rpc: deleteFile lib/endspurt.js (200 im Puffer)
2026-09-04T17:24:17.158Z	info	Eingriff rpc: deleteFile lib/eta.js (200 im Puffer)
2026-09-04T17:24:17.160Z	info	Eingriff rpc: deleteFile lib/events.js (200 im Puffer)
2026-09-04T17:24:17.163Z	info	Eingriff rpc: deleteFile lib/figur.js (200 im Puffer)
2026-09-04T17:24:17.166Z	info	Eingriff rpc: deleteFile lib/figurns.js (200 im Puffer)
2026-09-04T17:24:17.168Z	info	Eingriff rpc: deleteFile lib/graftwahl.js (200 im Puffer)
2026-09-04T17:24:17.172Z	info	Eingriff rpc: deleteFile lib/hackaugs.js (200 im Puffer)
2026-09-04T17:24:17.175Z	info	Eingriff rpc: deleteFile lib/handschlag.js (200 im Puffer)
2026-09-04T17:24:17.178Z	info	Eingriff rpc: deleteFile lib/herzschlag.js (200 im Puffer)
2026-09-04T17:24:17.181Z	info	Eingriff rpc: deleteFile lib/hostdatei.js (200 im Puffer)
2026-09-04T17:24:17.183Z	info	Eingriff rpc: deleteFile lib/kpi.js (200 im Puffer)
2026-09-04T17:24:17.186Z	info	Eingriff rpc: deleteFile lib/leiter.js (200 im Puffer)
2026-09-04T17:24:17.189Z	info	Eingriff rpc: deleteFile lib/loeser.js (200 im Puffer)
2026-09-04T17:24:17.193Z	info	Eingriff rpc: deleteFile lib/motorzeit.js (200 im Puffer)
2026-09-04T17:24:17.196Z	info	Eingriff rpc: deleteFile lib/reg.js (200 im Puffer)
2026-09-04T17:24:17.198Z	info	Eingriff rpc: deleteFile lib/route.js (200 im Puffer)
2026-09-04T17:24:17.201Z	info	Eingriff rpc: deleteFile lib/uhren.js (200 im Puffer)
2026-09-04T17:24:17.204Z	info	Eingriff rpc: deleteFile lib/batch.js (200 im Puffer)
2026-09-04T17:24:17.207Z	info	Eingriff rpc: deleteFile lib/calc.js (200 im Puffer)
2026-09-04T17:24:17.210Z	info	Eingriff rpc: deleteFile lib/endspurt.js (200 im Puffer)
2026-09-04T17:24:17.214Z	info	Eingriff rpc: deleteFile lib/eta.js (200 im Puffer)
2026-09-04T17:24:17.217Z	info	Eingriff rpc: deleteFile lib/events.js (200 im Puffer)
2026-09-04T17:24:17.219Z	info	Eingriff rpc: deleteFile lib/figur.js (200 im Puffer)
2026-09-04T17:24:17.222Z	info	Eingriff rpc: deleteFile lib/figurns.js (200 im Puffer)
2026-09-04T17:24:17.225Z	info	Eingriff rpc: deleteFile lib/graftwahl.js (200 im Puffer)
2026-09-04T17:24:17.228Z	info	Eingriff rpc: deleteFile lib/hackaugs.js (200 im Puffer)
2026-09-04T17:24:17.244Z	info	Eingriff rpc: deleteFile lib/handschlag.js (200 im Puffer)
2026-09-04T17:24:17.247Z	info	Eingriff rpc: deleteFile lib/herzschlag.js (200 im Puffer)
2026-09-04T17:24:17.251Z	info	Eingriff rpc: deleteFile lib/hostdatei.js (200 im Puffer)
2026-09-04T17:24:17.255Z	info	Eingriff rpc: deleteFile lib/kpi.js (200 im Puffer)
2026-09-04T17:24:17.258Z	info	Eingriff rpc: deleteFile lib/leiter.js (200 im Puffer)
2026-09-04T17:24:17.261Z	info	Eingriff rpc: deleteFile lib/loeser.js (200 im Puffer)
2026-09-04T17:24:17.264Z	info	Eingriff rpc: deleteFile lib/motorzeit.js (200 im Puffer)
2026-09-04T17:24:17.267Z	info	Eingriff rpc: deleteFile lib/reg.js (200 im Puffer)
2026-09-04T17:24:17.270Z	info	Eingriff rpc: deleteFile lib/route.js (200 im Puffer)
2026-09-04T17:24:17.274Z	info	Eingriff rpc: deleteFile lib/uhren.js (200 im Puffer)
2026-09-04T17:24:17.277Z	info	Eingriff rpc: deleteFile lib/batch.js (200 im Puffer)
2026-09-04T17:24:17.279Z	info	Eingriff rpc: deleteFile lib/calc.js (200 im Puffer)
2026-09-04T17:24:17.282Z	info	Eingriff rpc: deleteFile lib/endspurt.js (200 im Puffer)
2026-09-04T17:24:17.285Z	info	Eingriff rpc: deleteFile lib/eta.js (200 im Puffer)
2026-09-04T17:24:17.288Z	info	Eingriff rpc: deleteFile lib/events.js (200 im Puffer)
2026-09-04T17:24:17.291Z	info	Eingriff rpc: deleteFile lib/figur.js (200 im Puffer)
2026-09-04T17:24:17.294Z	info	Eingriff rpc: deleteFile lib/figurns.js (200 im Puffer)
2026-09-04T17:24:17.297Z	info	Eingriff rpc: deleteFile lib/graftwahl.js (200 im Puffer)
2026-09-04T17:24:17.300Z	info	Eingriff rpc: deleteFile lib/hackaugs.js (200 im Puffer)
2026-09-04T17:24:17.303Z	info	Eingriff rpc: deleteFile lib/handschlag.js (200 im Puffer)
2026-09-04T17:24:17.306Z	info	Eingriff rpc: deleteFile lib/herzschlag.js (200 im Puffer)
2026-09-04T17:24:17.308Z	info	Eingriff rpc: deleteFile lib/hostdatei.js (200 im Puffer)
2026-09-04T17:24:17.312Z	info	Eingriff rpc: deleteFile lib/kpi.js (200 im Puffer)
2026-09-04T17:24:17.315Z	info	Eingriff rpc: deleteFile lib/leiter.js (200 im Puffer)
2026-09-04T17:24:17.318Z	info	Eingriff rpc: deleteFile lib/loeser.js (200 im Puffer)
2026-09-04T17:24:17.320Z	info	Eingriff rpc: deleteFile lib/motorzeit.js (200 im Puffer)
2026-09-04T17:24:17.323Z	info	Eingriff rpc: deleteFile lib/reg.js (200 im Puffer)
2026-09-04T17:24:17.326Z	info	Eingriff rpc: deleteFile lib/route.js (200 im Puffer)
2026-09-04T17:24:17.329Z	info	Eingriff rpc: deleteFile lib/uhren.js (200 im Puffer)
2026-09-04T17:24:17.333Z	info	Eingriff rpc: deleteFile lib/batch.js (200 im Puffer)
2026-09-04T17:24:17.336Z	info	Eingriff rpc: deleteFile lib/calc.js (200 im Puffer)
2026-09-04T17:24:17.339Z	info	Eingriff rpc: deleteFile lib/endspurt.js (200 im Puffer)
2026-09-04T17:24:17.344Z	info	Eingriff rpc: deleteFile lib/eta.js (200 im Puffer)
2026-09-04T17:24:17.347Z	info	Eingriff rpc: deleteFile lib/events.js (200 im Puffer)
2026-09-04T17:24:17.350Z	info	Eingriff rpc: deleteFile lib/figur.js (200 im Puffer)
2026-09-04T17:24:17.354Z	info	Eingriff rpc: deleteFile lib/figurns.js (200 im Puffer)
2026-09-04T17:24:17.357Z	info	Eingriff rpc: deleteFile lib/graftwahl.js (200 im Puffer)
2026-09-04T17:24:17.360Z	info	Eingriff rpc: deleteFile lib/hackaugs.js (200 im Puffer)
2026-09-04T17:24:17.363Z	info	Eingriff rpc: deleteFile lib/handschlag.js (200 im Puffer)
2026-09-04T17:24:17.366Z	info	Eingriff rpc: deleteFile lib/herzschlag.js (200 im Puffer)
2026-09-04T17:24:17.369Z	info	Eingriff rpc: deleteFile lib/hostdatei.js (200 im Puffer)
2026-09-04T17:24:17.373Z	info	Eingriff rpc: deleteFile lib/kpi.js (200 im Puffer)
2026-09-04T17:24:17.376Z	info	Eingriff rpc: deleteFile lib/leiter.js (200 im Puffer)
2026-09-04T17:24:17.379Z	info	Eingriff rpc: deleteFile lib/loeser.js (200 im Puffer)
2026-09-04T17:24:17.381Z	info	Eingriff rpc: deleteFile lib/motorzeit.js (200 im Puffer)
2026-09-04T17:24:17.384Z	info	Eingriff rpc: deleteFile lib/reg.js (200 im Puffer)
2026-09-04T17:24:17.387Z	info	Eingriff rpc: deleteFile lib/route.js (200 im Puffer)
2026-09-04T17:24:17.389Z	info	Eingriff rpc: deleteFile lib/uhren.js (200 im Puffer)
2026-09-04T17:24:17.393Z	info	Eingriff rpc: deleteFile lib/batch.js (200 im Puffer)
2026-09-04T17:24:17.396Z	info	Eingriff rpc: deleteFile lib/calc.js (200 im Puffer)
2026-09-04T17:24:17.399Z	info	Eingriff rpc: deleteFile lib/endspurt.js (200 im Puffer)
2026-09-04T17:24:17.402Z	info	Eingriff rpc: deleteFile lib/eta.js (200 im Puffer)
2026-09-04T17:24:17.405Z	info	Eingriff rpc: deleteFile lib/events.js (200 im Puffer)
2026-09-04T17:24:17.407Z	info	Eingriff rpc: deleteFile lib/figur.js (200 im Puffer)
2026-09-04T17:24:17.410Z	info	Eingriff rpc: deleteFile lib/figurns.js (200 im Puffer)
2026-09-04T17:24:17.414Z	info	Eingriff rpc: deleteFile lib/graftwahl.js (200 im Puffer)
2026-09-04T17:24:17.417Z	info	Eingriff rpc: deleteFile lib/hackaugs.js (200 im Puffer)
2026-09-04T17:24:17.420Z	info	Eingriff rpc: deleteFile lib/handschlag.js (200 im Puffer)
2026-09-04T17:24:17.423Z	info	Eingriff rpc: deleteFile lib/herzschlag.js (200 im Puffer)
2026-09-04T17:24:17.426Z	info	Eingriff rpc: deleteFile lib/hostdatei.js (200 im Puffer)
2026-09-04T17:24:17.433Z	info	Eingriff rpc: deleteFile lib/kpi.js (200 im Puffer)
2026-09-04T17:24:17.442Z	info	Eingriff rpc: deleteFile lib/leiter.js (200 im Puffer)
2026-09-04T17:24:17.445Z	info	Eingriff rpc: deleteFile lib/loeser.js (200 im Puffer)
2026-09-04T17:24:17.448Z	info	Eingriff rpc: deleteFile lib/motorzeit.js (200 im Puffer)
2026-09-04T17:24:17.451Z	info	Eingriff rpc: deleteFile lib/reg.js (200 im Puffer)
2026-09-04T17:24:17.454Z	info	Eingriff rpc: deleteFile lib/route.js (200 im Puffer)
2026-09-04T17:24:17.457Z	info	Eingriff rpc: deleteFile lib/uhren.js (200 im Puffer)
2026-09-04T17:24:17.460Z	info	Eingriff rpc: deleteFile lib/batch.js (200 im Puffer)
2026-09-04T17:24:17.463Z	info	Eingriff rpc: deleteFile lib/calc.js (200 im Puffer)
2026-09-04T17:24:17.467Z	info	Eingriff rpc: deleteFile lib/endspurt.js (200 im Puffer)
2026-09-04T17:24:17.470Z	info	Eingriff rpc: deleteFile lib/eta.js (200 im Puffer)
2026-09-04T17:24:17.474Z	info	Eingriff rpc: deleteFile lib/events.js (200 im Puffer)
2026-09-04T17:24:17.477Z	info	Eingriff rpc: deleteFile lib/figur.js (200 im Puffer)
2026-09-04T17:24:17.481Z	info	Eingriff rpc: deleteFile lib/figurns.js (200 im Puffer)
2026-09-04T17:24:17.484Z	info	Eingriff rpc: deleteFile lib/graftwahl.js (200 im Puffer)
2026-09-04T17:24:17.487Z	info	Eingriff rpc: deleteFile lib/hackaugs.js (200 im Puffer)
2026-09-04T17:24:17.491Z	info	Eingriff rpc: deleteFile lib/handschlag.js (200 im Puffer)
2026-09-04T17:24:17.495Z	info	Eingriff rpc: deleteFile lib/herzschlag.js (200 im Puffer)
2026-09-04T17:24:17.498Z	info	Eingriff rpc: deleteFile lib/hostdatei.js (200 im Puffer)
2026-09-04T17:24:17.501Z	info	Eingriff rpc: deleteFile lib/kpi.js (200 im Puffer)
2026-09-04T17:24:17.504Z	info	Eingriff rpc: deleteFile lib/leiter.js (200 im Puffer)
2026-09-04T17:24:17.507Z	info	Eingriff rpc: deleteFile lib/loeser.js (200 im Puffer)
2026-09-04T17:24:17.510Z	info	Eingriff rpc: deleteFile lib/motorzeit.js (200 im Puffer)
2026-09-04T17:24:17.514Z	info	Eingriff rpc: deleteFile lib/reg.js (200 im Puffer)
2026-09-04T17:24:17.518Z	info	Eingriff rpc: deleteFile lib/route.js (200 im Puffer)
2026-09-04T17:24:17.522Z	info	Eingriff rpc: deleteFile lib/uhren.js (200 im Puffer)
2026-09-04T17:24:17.525Z	info	Eingriff rpc: deleteFile lib/batch.js (200 im Puffer)
2026-09-04T17:24:17.528Z	info	Eingriff rpc: deleteFile lib/calc.js (200 im Puffer)
2026-09-04T17:24:17.533Z	info	Eingriff rpc: deleteFile lib/endspurt.js (200 im Puffer)
2026-09-04T17:24:17.536Z	info	Eingriff rpc: deleteFile lib/eta.js (200 im Puffer)
2026-09-04T17:24:17.540Z	info	Eingriff rpc: deleteFile lib/events.js (200 im Puffer)
2026-09-04T17:24:17.543Z	info	Eingriff rpc: deleteFile lib/figur.js (200 im Puffer)
2026-09-04T17:24:17.546Z	info	Eingriff rpc: deleteFile lib/figurns.js (200 im Puffer)
2026-09-04T17:24:17.549Z	info	Eingriff rpc: deleteFile lib/graftwahl.js (200 im Puffer)
2026-09-04T17:24:17.553Z	info	Eingriff rpc: deleteFile lib/hackaugs.js (200 im Puffer)
2026-09-04T17:24:17.557Z	info	Eingriff rpc: deleteFile lib/handschlag.js (200 im Puffer)
2026-09-04T17:24:17.559Z	info	Eingriff rpc: deleteFile lib/herzschlag.js (200 im Puffer)
2026-09-04T17:24:17.562Z	info	Eingriff rpc: deleteFile lib/hostdatei.js (200 im Puffer)
2026-09-04T17:24:17.565Z	info	Eingriff rpc: deleteFile lib/kpi.js (200 im Puffer)
2026-09-04T17:24:17.568Z	info	Eingriff rpc: deleteFile lib/leiter.js (200 im Puffer)
2026-09-04T17:24:17.571Z	info	Eingriff rpc: deleteFile lib/loeser.js (200 im Puffer)
2026-09-04T17:24:17.574Z	info	Eingriff rpc: deleteFile lib/motorzeit.js (200 im Puffer)
2026-09-04T17:24:17.577Z	info	Eingriff rpc: deleteFile lib/reg.js (200 im Puffer)
2026-09-04T17:24:17.580Z	info	Eingriff rpc: deleteFile lib/route.js (200 im Puffer)
2026-09-04T17:24:17.582Z	info	Eingriff rpc: deleteFile lib/uhren.js (200 im Puffer)
2026-09-04T17:24:17.585Z	info	Eingriff rpc: deleteFile lib/batch.js (200 im Puffer)
2026-09-04T17:24:17.588Z	info	Eingriff rpc: deleteFile lib/calc.js (200 im Puffer)
2026-09-04T17:24:17.591Z	info	Eingriff rpc: deleteFile lib/endspurt.js (200 im Puffer)
2026-09-04T17:24:17.595Z	info	Eingriff rpc: deleteFile lib/eta.js (200 im Puffer)
2026-09-04T17:24:17.598Z	info	Eingriff rpc: deleteFile lib/events.js (200 im Puffer)
2026-09-04T17:24:17.601Z	info	Eingriff rpc: deleteFile lib/figur.js (200 im Puffer)
2026-09-04T17:24:17.604Z	info	Eingriff rpc: deleteFile lib/figurns.js (200 im Puffer)
2026-09-04T17:24:17.606Z	info	Eingriff rpc: deleteFile lib/graftwahl.js (200 im Puffer)
2026-09-04T17:24:17.609Z	info	Eingriff rpc: deleteFile lib/hackaugs.js (200 im Puffer)
2026-09-04T17:24:17.613Z	info	Eingriff rpc: deleteFile lib/handschlag.js (200 im Puffer)
2026-09-04T17:24:17.616Z	info	Eingriff rpc: deleteFile lib/herzschlag.js (200 im Puffer)
2026-09-04T17:24:17.619Z	info	Eingriff rpc: deleteFile lib/hostdatei.js (200 im Puffer)
2026-09-04T17:24:17.621Z	info	Eingriff rpc: deleteFile lib/kpi.js (200 im Puffer)
2026-09-04T17:24:17.624Z	info	Eingriff rpc: deleteFile lib/leiter.js (200 im Puffer)
2026-09-04T17:24:17.627Z	info	Eingriff rpc: deleteFile lib/loeser.js (200 im Puffer)
2026-09-04T17:24:17.641Z	info	Eingriff rpc: deleteFile lib/motorzeit.js (200 im Puffer)
2026-09-04T17:24:17.644Z	info	Eingriff rpc: deleteFile lib/reg.js (200 im Puffer)
2026-09-04T17:24:17.647Z	info	Eingriff rpc: deleteFile lib/route.js (200 im Puffer)
2026-09-04T17:24:17.650Z	info	Eingriff rpc: deleteFile lib/uhren.js (200 im Puffer)
2026-09-04T17:24:17.654Z	info	Eingriff rpc: deleteFile lib/batch.js (200 im Puffer)
2026-09-04T17:24:17.657Z	info	Eingriff rpc: deleteFile lib/calc.js (200 im Puffer)
2026-09-04T17:24:17.660Z	info	Eingriff rpc: deleteFile lib/endspurt.js (200 im Puffer)
2026-09-04T17:24:17.663Z	info	Eingriff rpc: deleteFile lib/eta.js (200 im Puffer)
2026-09-04T17:24:17.665Z	info	Eingriff rpc: deleteFile lib/events.js (200 im Puffer)
2026-09-04T17:24:17.668Z	info	Eingriff rpc: deleteFile lib/figur.js (200 im Puffer)
2026-09-04T17:24:17.671Z	info	Eingriff rpc: deleteFile lib/figurns.js (200 im Puffer)
2026-09-04T17:24:17.675Z	info	Eingriff rpc: deleteFile lib/graftwahl.js (200 im Puffer)
2026-09-04T17:24:17.677Z	info	Eingriff rpc: deleteFile lib/hackaugs.js (200 im Puffer)
2026-09-04T17:24:17.680Z	info	Eingriff rpc: deleteFile lib/handschlag.js (200 im Puffer)
2026-09-04T17:24:17.683Z	info	Eingriff rpc: deleteFile lib/herzschlag.js (200 im Puffer)
2026-09-04T17:24:17.686Z	info	Eingriff rpc: deleteFile lib/hostdatei.js (200 im Puffer)
2026-09-04T17:24:17.689Z	info	Eingriff rpc: deleteFile lib/kpi.js (200 im Puffer)
2026-09-04T17:24:17.692Z	info	Eingriff rpc: deleteFile lib/leiter.js (200 im Puffer)
2026-09-04T17:24:17.695Z	info	Eingriff rpc: deleteFile lib/loeser.js (200 im Puffer)
2026-09-04T17:24:17.698Z	info	Eingriff rpc: deleteFile lib/motorzeit.js (200 im Puffer)
2026-09-04T17:24:17.701Z	info	Eingriff rpc: deleteFile lib/reg.js (200 im Puffer)
2026-09-04T17:24:17.704Z	info	Eingriff rpc: deleteFile lib/route.js (200 im Puffer)
2026-09-04T17:24:17.707Z	info	Eingriff rpc: deleteFile lib/uhren.js (200 im Puffer)
2026-09-04T17:24:27.645Z	info	Eingriff rpc: backup  (200 im Puffer)
2026-09-04T17:24:35.025Z	info	Sicherung hourly gruen: LIVE_197f4d61481686_BN10L2_2026-09-04T19-24_hourly.json.gz (278 ms)
2026-09-04T17:25:27.765Z	info	Eingriff rpc: pushFile data/task.txt (200 im Puffer)
2026-09-04T17:25:32.777Z	info	Eingriff rpc: pushFile data/reload.txt (200 im Puffer)
2026-09-04T17:25:44.801Z	info	Eingriff rpc: pushFile data/task.txt (200 im Puffer)
2026-09-04T17:26:44.336Z	error	Schub verweigert: 51 Dateien > SCHUB_MAX 8
2026-09-04T17:27:10.778Z	error	Schub verweigert: 51 Dateien > SCHUB_MAX 8
2026-09-04T17:27:30.255Z	error	Schub verweigert: 51 Dateien > SCHUB_MAX 8
2026-09-04T17:28:09.422Z	info	Eingriff rpc: pushFile popups.js (200 im Puffer)
2026-09-04T17:28:09.461Z	info	Eingriff rpc: pushFile blade.js (200 im Puffer)
2026-09-04T17:28:09.478Z	info	Eingriff rpc: pushFile export.js (200 im Puffer)
2026-09-04T17:28:09.488Z	info	Eingriff rpc: pushFile ausgang.js (200 im Puffer)
2026-09-04T17:28:09.497Z	info	Eingriff rpc: pushFile registry.json (200 im Puffer)
2026-09-04T17:28:15.480Z	info	Eingriff rpc: pushFile data/task.txt (200 im Puffer)
2026-09-04T17:28:20.491Z	info	Eingriff rpc: pushFile data/reload.txt (200 im Puffer)
2026-09-04T17:28:24.504Z	info	Eingriff rpc: pushFile data/task.txt (200 im Puffer)
2026-09-04T17:28:29.673Z	info	Eingriff rpc: pushFile data/task.txt (200 im Puffer)
2026-09-04T17:28:34.685Z	info	Eingriff rpc: pushFile data/reload.txt (200 im Puffer)
2026-09-04T17:28:42.703Z	info	Eingriff rpc: pushFile data/task.txt (200 im Puffer)
2026-09-04T17:28:47.712Z	info	Eingriff rpc: pushFile data/reload.txt (200 im Puffer)
2026-09-04T17:28:55.725Z	info	Eingriff rpc: pushFile data/task.txt (200 im Puffer)
2026-09-04T17:29:00.734Z	info	Eingriff rpc: pushFile data/reload.txt (200 im Puffer)
2026-09-04T17:29:04.743Z	info	Eingriff rpc: pushFile data/task.txt (200 im Puffer)
2026-09-04T17:29:09.752Z	info	Eingriff rpc: pushFile data/reload.txt (200 im Puffer)
2026-09-04T17:29:13.762Z	info	Eingriff rpc: pushFile data/task.txt (200 im Puffer)
2026-09-04T17:29:31.426Z	info	Eingriff rpc: pushFile data/task.txt (200 im Puffer)
2026-09-04T17:39:08.421Z	info	Eingriff rpc: pushFile data/sofort.json (200 im Puffer)
2026-09-04T17:40:33.602Z	error	Schub verweigert: 51 Dateien > SCHUB_MAX 8
2026-09-04T17:41:10.013Z	error	Schub verweigert: 53 Dateien > SCHUB_MAX 8
2026-09-04T17:41:10.087Z	error	Eintrag nach ## Sofort fehlgeschlagen (Grosser Schub verweigert (53 Dateien) - sieht nach einem Merge aus): Command failed: node C:\Users\erche\Desktop\claude_projecto\bitburner\tools\liste.js --eintragen sofort --datei C:\Users\erche\Desktop\claude_projecto\bitburner\nodes\BAU-2026-09\sofort\2026-09-04T17-41-10-013Z-bruecke.md
FEHLER: Abschnitt 'Sofort' nicht gefunden. Vorhanden: Erledigt

2026-09-04T17:41:18.814Z	error	Schub verweigert: 53 Dateien > SCHUB_MAX 8
2026-09-04T17:41:47.261Z	info	Eingriff rpc: pushFile registry.json (200 im Puffer)
2026-09-04T17:41:47.274Z	info	Eingriff rpc: pushFile bn4life.js (200 im Puffer)
2026-09-04T17:41:47.292Z	info	Eingriff rpc: pushFile bn4rep.js (200 im Puffer)
2026-09-04T17:41:47.319Z	info	Eingriff rpc: pushFile blade.js (200 im Puffer)
2026-09-04T17:41:47.334Z	info	Eingriff rpc: pushFile graftauto.js (200 im Puffer)
2026-09-04T17:41:47.341Z	info	Eingriff rpc: pushFile hashes.js (200 im Puffer)
2026-09-04T17:41:47.347Z	info	Eingriff rpc: pushFile homegrow.js (200 im Puffer)
2026-09-04T17:41:47.355Z	info	Eingriff rpc: pushFile sleeve.js (200 im Puffer)
2026-09-04T17:41:47.362Z	info	Eingriff rpc: pushFile figwatch.js (200 im Puffer)
2026-09-04T17:41:47.372Z	info	Eingriff rpc: pushFile guard.js (200 im Puffer)
2026-09-04T17:41:47.386Z	info	Eingriff rpc: pushFile boot.js (200 im Puffer)
2026-09-04T17:41:54.689Z	info	Eingriff rpc: pushFile data/task.txt (200 im Puffer)
2026-09-04T17:41:59.702Z	info	Eingriff rpc: pushFile data/reload.txt (200 im Puffer)
2026-09-04T17:42:03.716Z	info	Eingriff rpc: pushFile data/task.txt (200 im Puffer)
2026-09-04T17:42:48.055Z	info	Eingriff rpc: pushFile data/task.txt (200 im Puffer)
2026-09-04T17:42:53.066Z	info	Eingriff rpc: pushFile data/reload.txt (200 im Puffer)
2026-09-04T17:42:57.081Z	info	Eingriff rpc: pushFile data/task.txt (200 im Puffer)
2026-09-04T17:43:02.093Z	info	Eingriff rpc: pushFile data/reload.txt (200 im Puffer)
2026-09-04T17:43:06.103Z	info	Eingriff rpc: pushFile data/task.txt (200 im Puffer)
2026-09-04T17:43:11.111Z	info	Eingriff rpc: pushFile data/reload.txt (200 im Puffer)
2026-09-04T17:43:15.122Z	info	Eingriff rpc: pushFile data/task.txt (200 im Puffer)
2026-09-04T17:43:20.130Z	info	Eingriff rpc: pushFile data/reload.txt (200 im Puffer)
2026-09-04T17:43:24.145Z	info	Eingriff rpc: pushFile data/task.txt (200 im Puffer)
2026-09-04T17:43:29.153Z	info	Eingriff rpc: pushFile data/reload.txt (200 im Puffer)
2026-09-04T17:43:37.172Z	info	Eingriff rpc: pushFile data/task.txt (200 im Puffer)
2026-09-04T17:43:54.832Z	info	Eingriff rpc: pushFile data/task.txt (200 im Puffer)
2026-09-04T17:44:50.812Z	error	Schub verweigert: 53 Dateien > SCHUB_MAX 8
2026-09-04T17:44:59.052Z	error	Schub verweigert: 53 Dateien > SCHUB_MAX 8
2026-09-04T17:45:20.207Z	error	Schub verweigert: 53 Dateien > SCHUB_MAX 8
2026-09-04T17:45:23.647Z	error	Schub verweigert: 53 Dateien > SCHUB_MAX 8
2026-09-04T17:46:18.447Z	info	1 Watcher-Meldung(en) ohne Inhaltsaenderung - nichts geschoben
2026-09-04T17:48:47.314Z	info	Eingriff rpc: pushFile data/task.txt (200 im Puffer)
2026-09-04T17:54:11.399Z	info	Master-Riegel gegen git ls-tree master -- src/ (144 Dateien)
2026-09-04T17:54:11.422Z	info	Beobachte src/ auf Aenderungen
2026-09-04T17:54:11.422Z	info	Anker uebernommen: totalPlaytime 385.29 h
2026-09-04T17:54:14.196Z	info	Spiel verbunden - Verifikation laeuft, es wird noch nichts geschrieben
2026-09-04T17:54:14.525Z	info	Verifiziert in 328 ms: 197f4d61481686 BN10 L2, 385.32 h
2026-09-04T17:54:14.926Z	info	Sicherung connect gruen: LIVE_197f4d61481686_BN10L2_2026-09-04T19-54_connect.json.gz (344 ms)
2026-09-04T17:54:15.036Z	info	90 Datei(en) ins Spiel uebertragen - 53 aus einem verweigerten Schub ZURUECKGEHALTEN
2026-09-04T17:54:15.040Z	info	Nachgereicht aus dem unverified-Fenster: 53 Datei(en)
2026-09-04T17:54:15.060Z	error	Schub verweigert: 53 Dateien > SCHUB_MAX 8
2026-09-04T17:54:15.124Z	error	Eintrag nach ## Sofort fehlgeschlagen (Grosser Schub verweigert (53 Dateien) - sieht nach einem Merge aus): Command failed: node C:\Users\erche\Desktop\claude_projecto\bitburner\tools\liste.js --eintragen sofort --datei C:\Users\erche\Desktop\claude_projecto\bitburner\nodes\BAU-2026-09\sofort\2026-09-04T17-54-15-060Z-bruecke.md
FEHLER: Abschnitt 'Sofort' nicht gefunden. Vorhanden: Erledigt

2026-09-04T17:56:37.101Z	info	Eingriff rpc: pushFile data/task.txt (200 im Puffer)
2026-09-04T17:57:27.426Z	info	Eingriff rpc: pushFile data/task.txt (200 im Puffer)
2026-09-04T18:00:42.144Z	error	Schub verweigert: 53 Dateien > SCHUB_MAX 8
2026-09-04T18:01:42.881Z	error	Schub verweigert: 53 Dateien > SCHUB_MAX 8
2026-09-04T18:06:12.314Z	info	Master-Riegel gegen git ls-tree master -- src/ (144 Dateien)
2026-09-04T18:06:12.336Z	info	Anker uebernommen: totalPlaytime 385.50 h
2026-09-04T18:06:12.337Z	info	Beobachte src/ auf Aenderungen
2026-09-04T18:06:15.472Z	info	Spiel verbunden - Verifikation laeuft, es wird noch nichts geschrieben
2026-09-04T18:06:15.793Z	info	Verifiziert in 321 ms: 197f4d61481686 BN10 L2, 385.52 h
2026-09-04T18:06:16.214Z	info	Sicherung connect gruen: LIVE_197f4d61481686_BN10L2_2026-09-04T20-06_connect.json.gz (365 ms)
2026-09-04T18:06:16.355Z	info	Nachgereicht aus dem unverified-Fenster: 53 Datei(en)
2026-09-04T18:06:16.352Z	info	90 Datei(en) ins Spiel uebertragen - 53 aus einem verweigerten Schub ZURUECKGEHALTEN
2026-09-04T18:06:16.414Z	info	Eingriff push: graftplan.json (200 im Puffer)
2026-09-04T18:06:16.783Z	info	Sicherung pre-hotswap gruen: LIVE_197f4d61481686_BN10L2_2026-09-04T20-06_pre-hotswap.json.gz (318 ms)
2026-09-04T18:06:16.784Z	info	Nachgeschoben: graftplan.json
2026-09-04T18:07:05.201Z	info	1 Watcher-Meldung(en) ohne Inhaltsaenderung - nichts geschoben
2026-09-04T18:07:57.388Z	info	Eingriff rpc: deleteFile graftplan.json (200 im Puffer)
2026-09-04T18:07:57.630Z	info	Eingriff rpc: pushFile data/task.txt (200 im Puffer)
2026-09-04T18:08:57.293Z	info	Eingriff rpc: pushFile data/task.txt (200 im Puffer)
2026-09-04T18:26:01.347Z	info	Master-Riegel gegen git ls-tree master -- src/ (144 Dateien)
2026-09-04T18:26:01.371Z	info	Beobachte src/ auf Aenderungen
2026-09-04T18:26:01.370Z	info	Anker uebernommen: totalPlaytime 385.70 h
2026-09-04T18:26:04.097Z	info	Spiel verbunden - Verifikation laeuft, es wird noch nichts geschrieben
2026-09-04T18:26:04.428Z	info	Verifiziert in 331 ms: 197f4d61481686 BN10 L2, 385.85 h
2026-09-04T18:26:04.879Z	info	Sicherung connect gruen: LIVE_197f4d61481686_BN10L2_2026-09-04T20-26_connect.json.gz (390 ms)
2026-09-04T18:26:05.075Z	info	142 Datei(en) ins Spiel uebertragen - 1 aus einem verweigerten Schub ZURUECKGEHALTEN
2026-09-04T18:27:21.537Z	info	Eingriff rpc: pushFile data/task.txt (200 im Puffer)
2026-09-04T18:28:36.074Z	info	3 Watcher-Meldung(en) ohne Inhaltsaenderung - nichts geschoben
2026-09-04T18:34:10.533Z	info	Eingriff push: bn4net.js, autopilot.js (200 im Puffer)
2026-09-04T18:34:10.908Z	info	Sicherung pre-hotswap gruen: LIVE_197f4d61481686_BN10L2_2026-09-04T20-34_pre-hotswap.json.gz (324 ms)
2026-09-04T18:34:10.920Z	info	2 Dateien zusammen nachgeschoben: bn4net.js, autopilot.js
2026-09-04T18:37:34.543Z	info	Eingriff rpc: pushFile data/task.txt (200 im Puffer)
2026-09-04T18:41:10.187Z	info	6 Watcher-Meldung(en) ohne Inhaltsaenderung - nichts geschoben
2026-09-04T18:41:19.433Z	info	23 Watcher-Meldung(en) ohne Inhaltsaenderung - nichts geschoben
2026-09-04T18:41:51.111Z	info	Eingriff rpc: pushFile data/task.txt (200 im Puffer)
2026-09-04T18:41:56.121Z	info	Eingriff rpc: pushFile data/reload.txt (200 im Puffer)
2026-09-04T18:42:00.135Z	info	Eingriff rpc: pushFile data/task.txt (200 im Puffer)
2026-09-04T18:43:42.856Z	info	Eingriff rpc: pushFile data/task.txt (200 im Puffer)
2026-09-04T18:45:31.852Z	info	Eingriff rpc: pushFile data/task.txt (200 im Puffer)
2026-09-04T18:49:04.534Z	info	98 Watcher-Meldung(en) ohne Inhaltsaenderung - nichts geschoben
2026-09-04T18:49:04.977Z	info	1 Watcher-Meldung(en) ohne Inhaltsaenderung - nichts geschoben
2026-09-04T18:49:08.758Z	info	3 Watcher-Meldung(en) ohne Inhaltsaenderung - nichts geschoben
2026-09-04T18:49:43.310Z	info	Eingriff push: graftplan.json (200 im Puffer)
2026-09-04T18:49:44.003Z	info	Sicherung pre-hotswap gruen: LIVE_197f4d61481686_BN10L2_2026-09-04T20-49_pre-hotswap.json.gz (593 ms)
2026-09-04T18:49:44.004Z	warn	graftplan.json steht in nicht-schieben.txt - NICHT geschoben
2026-09-04T18:49:47.921Z	info	1 Watcher-Meldung(en) ohne Inhaltsaenderung - nichts geschoben
2026-09-04T18:50:35.121Z	info	1 Watcher-Meldung(en) ohne Inhaltsaenderung - nichts geschoben
2026-09-04T18:59:56.335Z	info	Eingriff rpc: pushFile data/guard-modus.txt (200 im Puffer)
2026-09-04T19:01:24.366Z	info	2 Watcher-Meldung(en) ohne Inhaltsaenderung - nichts geschoben
2026-09-04T19:01:48.782Z	info	Eingriff rpc: pushFile data/install-sperre.txt (200 im Puffer)
2026-09-04T19:01:57.192Z	info	1 Watcher-Meldung(en) ohne Inhaltsaenderung - nichts geschoben
2026-09-04T19:07:02.257Z	info	Sicherung hourly gruen: LIVE_197f4d61481686_BN10L2_2026-09-04T21-07_hourly.json.gz (728 ms)
2026-09-04T19:07:06.714Z	info	Eingriff push: bn4rep.js, graftauto.js (200 im Puffer)
2026-09-04T19:07:07.165Z	info	Sicherung pre-hotswap gruen: LIVE_197f4d61481686_BN10L2_2026-09-04T21-07_pre-hotswap.json.gz (376 ms)
2026-09-04T19:07:07.175Z	info	2 Dateien zusammen nachgeschoben: bn4rep.js, graftauto.js
2026-09-04T19:08:27.665Z	info	Eingriff push: bn4rep.js, registry.json (200 im Puffer)
2026-09-04T19:08:27.672Z	info	2 Dateien zusammen nachgeschoben: bn4rep.js, registry.json
2026-09-04T19:08:38.367Z	info	Eingriff rpc: pushFile data/task.txt (200 im Puffer)
2026-09-04T19:08:43.378Z	info	Eingriff rpc: pushFile data/reload.txt (200 im Puffer)
2026-09-04T19:08:51.397Z	info	Eingriff rpc: pushFile data/task.txt (200 im Puffer)
2026-09-04T19:09:08.891Z	info	Eingriff rpc: pushFile data/task.txt (200 im Puffer)
2026-09-04T20:08:01.217Z	info	Sicherung hourly gruen: LIVE_197f4d61481686_BN10L2_2026-09-04T22-08_hourly.json.gz (666 ms)
2026-09-04T21:08:00.944Z	info	Sicherung hourly gruen: LIVE_197f4d61481686_BN10L2_2026-09-04T23-08_hourly.json.gz (340 ms)
2026-09-04T22:08:01.066Z	info	Sicherung hourly gruen: LIVE_197f4d61481686_BN10L2_2026-09-05T00-08_hourly.json.gz (385 ms)
2026-09-04T23:08:01.006Z	info	Sicherung hourly gruen: LIVE_197f4d61481686_BN10L2_2026-09-05T01-08_hourly.json.gz (256 ms)
2026-09-05T00:08:01.078Z	info	Sicherung hourly gruen: LIVE_197f4d61481686_BN10L2_2026-09-05T02-08_hourly.json.gz (265 ms)
2026-09-05T01:08:01.182Z	info	Sicherung hourly gruen: LIVE_197f4d61481686_BN10L2_2026-09-05T03-08_hourly.json.gz (276 ms)
2026-09-05T02:08:01.244Z	info	Sicherung hourly gruen: LIVE_197f4d61481686_BN10L2_2026-09-05T04-08_hourly.json.gz (272 ms)
2026-09-05T03:08:01.279Z	info	Sicherung hourly gruen: LIVE_197f4d61481686_BN10L2_2026-09-05T05-08_hourly.json.gz (233 ms)
2026-09-05T04:08:01.394Z	info	Sicherung hourly gruen: LIVE_197f4d61481686_BN10L2_2026-09-05T06-08_hourly.json.gz (275 ms)
2026-09-05T05:08:01.135Z	info	Handschlag angefragt: install -> pre-install
2026-09-05T05:08:01.815Z	info	Sicherung hourly gruen: LIVE_197f4d61481686_BN10L2_2026-09-05T07-08_hourly.json.gz (580 ms)
2026-09-05T05:08:01.834Z	info	Sicherung pre-install gruen: LIVE_197f4d61481686_BN10L2_2026-09-05T07-08_pre-install.json.gz (624 ms)
2026-09-05T06:08:01.701Z	info	Sicherung hourly gruen: LIVE_197f4d61481686_BN10L2_2026-09-05T08-08_hourly.json.gz (455 ms)
2026-09-05T07:08:01.570Z	info	Sicherung hourly gruen: LIVE_197f4d61481686_BN10L2_2026-09-05T09-08_hourly.json.gz (292 ms)
2026-09-05T08:08:01.563Z	info	Sicherung hourly gruen: LIVE_197f4d61481686_BN10L2_2026-09-05T10-08_hourly.json.gz (272 ms)
2026-09-05T09:08:01.810Z	info	Sicherung hourly gruen: LIVE_197f4d61481686_BN10L2_2026-09-05T11-08_hourly.json.gz (418 ms)
2026-09-05T10:08:01.672Z	info	Sicherung hourly gruen: LIVE_197f4d61481686_BN10L2_2026-09-05T12-08_hourly.json.gz (282 ms)
2026-09-05T11:08:01.731Z	info	Sicherung hourly gruen: LIVE_197f4d61481686_BN10L2_2026-09-05T13-08_hourly.json.gz (304 ms)
2026-09-05T11:40:01.348Z	info	Handschlag angefragt: install -> pre-install
2026-09-05T11:40:01.726Z	info	Sicherung pre-install gruen: LIVE_197f4d61481686_BN10L2_2026-09-05T13-40_pre-install.json.gz (316 ms)
2026-09-05T12:08:01.775Z	info	Sicherung hourly gruen: LIVE_197f4d61481686_BN10L2_2026-09-05T14-08_hourly.json.gz (256 ms)
2026-09-05T13:08:01.850Z	info	Sicherung hourly gruen: LIVE_197f4d61481686_BN10L2_2026-09-05T15-08_hourly.json.gz (283 ms)
2026-09-05T14:08:01.890Z	info	Sicherung hourly gruen: LIVE_197f4d61481686_BN10L2_2026-09-05T16-08_hourly.json.gz (288 ms)
2026-09-05T15:08:01.905Z	info	Sicherung hourly gruen: LIVE_197f4d61481686_BN10L2_2026-09-05T17-08_hourly.json.gz (263 ms)
2026-09-05T16:08:01.975Z	info	Sicherung hourly gruen: LIVE_197f4d61481686_BN10L2_2026-09-05T18-08_hourly.json.gz (304 ms)
2026-09-05T17:08:03.120Z	info	Sicherung hourly gruen: LIVE_197f4d61481686_BN10L2_2026-09-05T19-08_hourly.json.gz (1388 ms)
2026-09-05T18:08:02.201Z	info	Sicherung hourly gruen: LIVE_197f4d61481686_BN10L2_2026-09-05T20-08_hourly.json.gz (347 ms)
2026-09-05T19:08:02.311Z	info	Sicherung hourly gruen: LIVE_197f4d61481686_BN10L2_2026-09-05T21-08_hourly.json.gz (406 ms)
2026-09-05T20:08:04.011Z	info	Sicherung hourly gruen: LIVE_197f4d61481686_BN10L2_2026-09-05T22-08_hourly.json.gz (458 ms)
2026-09-05T20:45:13.131Z	warn	Spielverbindung getrennt - warte auf neue Verbindung
2026-09-05T20:46:06.639Z	error	Eintrag nach ## Sofort fehlgeschlagen (Spiel-Tab nicht verbunden): Command failed: node C:\Users\erche\Desktop\claude_projecto\bitburner\tools\liste.js --eintragen sofort --datei C:\Users\erche\Desktop\claude_projecto\bitburner\nodes\BAU-2026-09\sofort\2026-09-05T20-46-02-342Z-bruecke.md
FEHLER: Abschnitt 'Sofort' nicht gefunden. Vorhanden: Erledigt

2026-09-05T22:42:50.801Z	info	Spiel verbunden - Verifikation laeuft, es wird noch nichts geschrieben
2026-09-05T22:42:51.223Z	info	Verifiziert in 420 ms: 197f4d61481686 BN10 L2, 414.13 h
2026-09-05T22:42:51.714Z	info	Sicherung connect gruen: LIVE_197f4d61481686_BN10L2_2026-09-06T00-42_connect.json.gz (350 ms)
2026-09-05T22:42:56.455Z	info	142 Datei(en) ins Spiel uebertragen - 1 aus einem verweigerten Schub ZURUECKGEHALTEN
2026-09-05T22:42:56.945Z	info	142 Watcher-Meldung(en) ohne Inhaltsaenderung - nichts geschoben
2026-09-05T22:43:06.157Z	error	Eintrag nach ## Sofort fehlgeschlagen (Bruecke ohne Sicherung - Spielstand liegt in Downloads): Command failed: node C:\Users\erche\Desktop\claude_projecto\bitburner\tools\liste.js --eintragen sofort --datei C:\Users\erche\Desktop\claude_projecto\bitburner\nodes\BAU-2026-09\sofort\2026-09-05T22-43-05-945Z-export.js.md
FEHLER: Abschnitt 'Sofort' nicht gefunden. Vorhanden: Erledigt

2026-09-05T22:43:06.400Z	info	Sicherung hourly gruen: LIVE_197f4d61481686_BN10L2_2026-09-06T00-43_hourly.json.gz (360 ms)
2026-09-05T23:43:06.349Z	info	Sicherung hourly gruen: LIVE_197f4d61481686_BN10L2_2026-09-06T01-43_hourly.json.gz (285 ms)
2026-09-05T23:55:05.984Z	info	Handschlag angefragt: install -> pre-install
2026-09-05T23:55:06.330Z	info	Sicherung pre-install gruen: LIVE_197f4d61481686_BN10L2_2026-09-06T01-55_pre-install.json.gz (281 ms)
2026-09-06T00:43:06.782Z	info	Sicherung hourly gruen: LIVE_197f4d61481686_BN10L2_2026-09-06T02-43_hourly.json.gz (401 ms)
2026-09-06T01:43:06.699Z	info	Sicherung hourly gruen: LIVE_197f4d61481686_BN10L2_2026-09-06T03-43_hourly.json.gz (311 ms)
2026-09-06T02:43:06.803Z	info	Sicherung hourly gruen: LIVE_197f4d61481686_BN10L2_2026-09-06T04-43_hourly.json.gz (375 ms)
2026-09-06T03:43:06.861Z	info	Sicherung hourly gruen: LIVE_197f4d61481686_BN10L2_2026-09-06T05-43_hourly.json.gz (344 ms)
2026-09-06T04:43:07.072Z	info	Sicherung hourly gruen: LIVE_197f4d61481686_BN10L2_2026-09-06T06-43_hourly.json.gz (364 ms)
2026-09-06T05:43:07.623Z	info	Sicherung hourly gruen: LIVE_197f4d61481686_BN10L2_2026-09-06T07-43_hourly.json.gz (731 ms)
2026-09-06T06:43:07.091Z	info	Sicherung hourly gruen: LIVE_197f4d61481686_BN10L2_2026-09-06T08-43_hourly.json.gz (312 ms)
2026-09-06T07:08:20.415Z	info	1 Watcher-Meldung(en) ohne Inhaltsaenderung - nichts geschoben
2026-09-06T07:13:56.048Z	info	114 Watcher-Meldung(en) ohne Inhaltsaenderung - nichts geschoben
2026-09-06T07:17:11.116Z	info	Eingriff push: graftplan.json (200 im Puffer)
2026-09-06T07:17:11.591Z	info	Sicherung pre-hotswap gruen: LIVE_197f4d61481686_BN10L2_2026-09-06T09-17_pre-hotswap.json.gz (403 ms)
2026-09-06T07:17:11.593Z	warn	graftplan.json steht in nicht-schieben.txt - NICHT geschoben
2026-09-06T07:24:47.042Z	info	26 Watcher-Meldung(en) ohne Inhaltsaenderung - nichts geschoben
2026-09-06T07:43:07.826Z	info	Sicherung hourly gruen: LIVE_197f4d61481686_BN10L2_2026-09-06T09-43_hourly.json.gz (955 ms)
2026-09-06T08:08:34.482Z	info	1 Watcher-Meldung(en) ohne Inhaltsaenderung - nichts geschoben
2026-09-06T08:14:15.654Z	info	113 Watcher-Meldung(en) ohne Inhaltsaenderung - nichts geschoben
2026-09-06T08:14:44.288Z	info	1 Watcher-Meldung(en) ohne Inhaltsaenderung - nichts geschoben
2026-09-06T08:19:08.250Z	info	Eingriff push: graftplan.json (200 im Puffer)
2026-09-06T08:19:09.608Z	info	Sicherung pre-hotswap gruen: LIVE_197f4d61481686_BN10L2_2026-09-06T10-19_pre-hotswap.json.gz (1214 ms)
2026-09-06T08:19:09.610Z	warn	graftplan.json steht in nicht-schieben.txt - NICHT geschoben
2026-09-06T08:30:00.438Z	info	1 Watcher-Meldung(en) ohne Inhaltsaenderung - nichts geschoben
2026-09-06T08:30:01.069Z	info	1 Watcher-Meldung(en) ohne Inhaltsaenderung - nichts geschoben
2026-09-06T08:30:03.375Z	info	17 Watcher-Meldung(en) ohne Inhaltsaenderung - nichts geschoben
2026-09-06T08:43:08.004Z	info	Sicherung hourly gruen: LIVE_197f4d61481686_BN10L2_2026-09-06T10-43_hourly.json.gz (1049 ms)
2026-09-06T09:43:07.542Z	info	Sicherung hourly gruen: LIVE_197f4d61481686_BN10L2_2026-09-06T11-43_hourly.json.gz (647 ms)
2026-09-06T09:43:38.000Z	info	1 Watcher-Meldung(en) ohne Inhaltsaenderung - nichts geschoben
2026-09-06T09:43:55.301Z	info	Eingriff push: lib/figurns.js (200 im Puffer)
2026-09-06T09:43:56.098Z	info	Sicherung pre-hotswap gruen: LIVE_197f4d61481686_BN10L2_2026-09-06T11-43_pre-hotswap.json.gz (695 ms)
2026-09-06T09:43:56.103Z	info	Nachgeschoben: lib/figurns.js
2026-09-06T09:44:12.060Z	info	Eingriff push: graftplan.json (200 im Puffer)
2026-09-06T09:44:12.067Z	warn	graftplan.json steht in nicht-schieben.txt - NICHT geschoben
2026-09-06T09:44:23.928Z	warn	403 fuer pushFile von 53019 - instance=null, diese Bruecke ist LIVE
2026-09-06T09:44:24.228Z	warn	403 fuer pushFile von 53021 - instance=null, diese Bruecke ist LIVE
2026-09-06T09:44:44.952Z	info	Eingriff rpc: pushFile data/reload.txt (200 im Puffer)
2026-09-06T09:49:52.240Z	info	Eingriff push: blade.js (200 im Puffer)
2026-09-06T09:49:52.247Z	info	Nachgeschoben: blade.js
2026-09-06T09:49:55.192Z	info	Eingriff push: blade.js (200 im Puffer)
2026-09-06T09:49:55.341Z	info	Nachgeschoben: blade.js
2026-09-06T09:49:59.400Z	info	Eingriff push: bn4net.js (200 im Puffer)
2026-09-06T09:49:59.408Z	info	Nachgeschoben: bn4net.js
2026-09-06T09:50:37.122Z	info	Eingriff rpc: pushFile data/reload.txt (200 im Puffer)
2026-09-06T09:51:51.383Z	info	Eingriff rpc: pushFile data/reload.txt (200 im Puffer)
2026-09-06T09:54:12.784Z	info	Eingriff push: lib/leiter.js (200 im Puffer)
2026-09-06T09:54:13.345Z	info	Sicherung pre-hotswap gruen: LIVE_197f4d61481686_BN10L2_2026-09-06T11-54_pre-hotswap.json.gz (485 ms)
2026-09-06T09:54:13.368Z	info	Nachgeschoben: lib/leiter.js
2026-09-06T09:54:54.584Z	info	Eingriff push: guard.js (200 im Puffer)
2026-09-06T09:54:54.588Z	info	Nachgeschoben: guard.js
2026-09-06T09:55:02.001Z	info	Eingriff push: guard.js (200 im Puffer)
2026-09-06T09:55:02.006Z	info	Nachgeschoben: guard.js
2026-09-06T09:56:13.199Z	info	Eingriff rpc: pushFile data/reload.txt (200 im Puffer)
2026-09-06T10:03:24.402Z	warn	403 fuer getRunningScripts von 56160 - instance=null, diese Bruecke ist LIVE
2026-09-06T10:03:32.718Z	warn	403 fuer getFileContent von 56167 - instance=null, diese Bruecke ist LIVE
2026-09-06T10:03:32.994Z	warn	403 fuer getFileContent von 56169 - instance=null, diese Bruecke ist LIVE
2026-09-06T10:03:33.257Z	warn	403 fuer getFileContent von 56171 - instance=null, diese Bruecke ist LIVE
2026-09-06T10:03:40.193Z	info	Eingriff rpc: getFileContent data/blade.json (200 im Puffer)
2026-09-06T10:19:04.691Z	info	Eingriff push: blade.js (200 im Puffer)
2026-09-06T10:19:05.416Z	info	Sicherung pre-hotswap gruen: LIVE_197f4d61481686_BN10L2_2026-09-06T12-19_pre-hotswap.json.gz (624 ms)
2026-09-06T10:19:05.425Z	info	Nachgeschoben: blade.js
2026-09-06T10:19:09.879Z	info	Eingriff push: blade.js (200 im Puffer)
2026-09-06T10:19:10.073Z	info	Nachgeschoben: blade.js
2026-09-06T10:19:16.631Z	info	Eingriff push: blade.js (200 im Puffer)
2026-09-06T10:19:16.654Z	info	Nachgeschoben: blade.js
2026-09-06T10:19:24.945Z	info	Eingriff push: bn4net.js (200 im Puffer)
2026-09-06T10:19:24.984Z	info	Nachgeschoben: bn4net.js
2026-09-06T10:19:34.935Z	info	Eingriff push: lib/leiter.js (200 im Puffer)
2026-09-06T10:19:34.938Z	info	Nachgeschoben: lib/leiter.js
2026-09-06T10:19:47.630Z	info	Eingriff push: lib/leiter.js (200 im Puffer)
2026-09-06T10:19:47.634Z	info	Nachgeschoben: lib/leiter.js
2026-09-06T10:19:55.914Z	info	Eingriff push: guard.js (200 im Puffer)
2026-09-06T10:19:55.918Z	info	Nachgeschoben: guard.js
2026-09-06T10:20:02.738Z	info	Eingriff push: guard.js (200 im Puffer)
2026-09-06T10:20:02.742Z	info	Nachgeschoben: guard.js
2026-09-06T10:20:11.046Z	info	Eingriff push: guard.js (200 im Puffer)
2026-09-06T10:20:11.049Z	info	Nachgeschoben: guard.js
2026-09-06T10:20:18.472Z	info	Eingriff push: guard.js (200 im Puffer)
2026-09-06T10:20:18.476Z	info	Nachgeschoben: guard.js
2026-09-06T10:20:34.618Z	info	Eingriff push: guard.js (200 im Puffer)
2026-09-06T10:20:34.622Z	info	Nachgeschoben: guard.js
2026-09-06T10:20:53.730Z	info	Eingriff push: guard.js (200 im Puffer)
2026-09-06T10:20:53.734Z	info	Nachgeschoben: guard.js
2026-09-06T10:20:55.900Z	info	Eingriff push: guard.js (200 im Puffer)
2026-09-06T10:20:55.906Z	info	Nachgeschoben: guard.js
2026-09-06T10:21:00.192Z	info	Eingriff push: registry.json (200 im Puffer)
2026-09-06T10:21:00.203Z	info	Nachgeschoben: registry.json
2026-09-06T10:24:33.758Z	info	Eingriff rpc: pushFile data/reload.txt (200 im Puffer)
2026-09-06T10:25:44.546Z	info	Eingriff rpc: pushFile data/reload.txt (200 im Puffer)
2026-09-06T10:26:55.155Z	info	Eingriff rpc: pushFile data/reload.txt (200 im Puffer)
2026-09-06T10:38:51.276Z	info	Eingriff push: bn4net.js (200 im Puffer)
2026-09-06T10:38:51.671Z	info	Sicherung pre-hotswap gruen: LIVE_197f4d61481686_BN10L3_2026-09-06T12-38_pre-hotswap.json.gz (261 ms)
2026-09-06T10:38:51.680Z	info	Nachgeschoben: bn4net.js
2026-09-06T10:38:58.894Z	info	Eingriff push: bn4net.js (200 im Puffer)
2026-09-06T10:38:58.902Z	info	Nachgeschoben: bn4net.js
2026-09-06T10:39:58.722Z	info	Eingriff rpc: pushFile data/reload.txt (200 im Puffer)
2026-09-06T10:43:07.185Z	info	Sicherung hourly gruen: LIVE_197f4d61481686_BN10L3_2026-09-06T12-43_hourly.json.gz (252 ms)
2026-09-06T10:46:10.023Z	info	Eingriff push: graftplan.json (200 im Puffer)
2026-09-06T10:46:10.025Z	warn	graftplan.json steht in nicht-schieben.txt - NICHT geschoben
2026-09-06T10:50:03.779Z	info	Nach ## Sofort eingetragen: Telemetrie veraltet
2026-09-06T10:54:36.134Z	info	Eingriff rpc: pushFile data/guard-modus.txt (200 im Puffer)
2026-09-06T11:00:12.121Z	info	Eingriff rpc: pushFile data/guard-modus.txt (200 im Puffer)
2026-09-06T11:43:07.275Z	info	Sicherung hourly gruen: LIVE_197f4d61481686_BN10L3_2026-09-06T13-43_hourly.json.gz (286 ms)
2026-09-06T12:43:07.578Z	info	Sicherung hourly gruen: LIVE_197f4d61481686_BN10L3_2026-09-06T14-43_hourly.json.gz (554 ms)
2026-09-06T13:43:07.481Z	info	Sicherung hourly gruen: LIVE_197f4d61481686_BN10L3_2026-09-06T15-43_hourly.json.gz (429 ms)
2026-09-06T14:43:07.591Z	info	Sicherung hourly gruen: LIVE_197f4d61481686_BN10L3_2026-09-06T16-43_hourly.json.gz (484 ms)
2026-09-06T15:43:07.629Z	info	Sicherung hourly gruen: LIVE_197f4d61481686_BN10L3_2026-09-06T17-43_hourly.json.gz (511 ms)
2026-09-06T16:43:07.724Z	info	Sicherung hourly gruen: LIVE_197f4d61481686_BN10L3_2026-09-06T18-43_hourly.json.gz (542 ms)
2026-09-06T17:43:07.768Z	info	Sicherung hourly gruen: LIVE_197f4d61481686_BN10L3_2026-09-06T19-43_hourly.json.gz (581 ms)
2026-09-06T18:43:07.690Z	info	Sicherung hourly gruen: LIVE_197f4d61481686_BN10L3_2026-09-06T20-43_hourly.json.gz (448 ms)
2026-09-06T19:25:04.971Z	info	1 Watcher-Meldung(en) ohne Inhaltsaenderung - nichts geschoben
2026-09-06T19:28:07.865Z	info	1 Watcher-Meldung(en) ohne Inhaltsaenderung - nichts geschoben
2026-09-06T19:43:07.666Z	info	Sicherung hourly gruen: LIVE_197f4d61481686_BN10L3_2026-09-06T21-43_hourly.json.gz (398 ms)
2026-09-06T20:43:07.756Z	info	Sicherung hourly gruen: LIVE_197f4d61481686_BN10L3_2026-09-06T22-43_hourly.json.gz (458 ms)
2026-09-06T21:43:07.792Z	info	Sicherung hourly gruen: LIVE_197f4d61481686_BN10L3_2026-09-06T23-43_hourly.json.gz (456 ms)
2026-09-06T22:43:07.858Z	info	Sicherung hourly gruen: LIVE_197f4d61481686_BN10L3_2026-09-07T00-43_hourly.json.gz (482 ms)
2026-09-06T23:43:07.929Z	info	Sicherung hourly gruen: LIVE_197f4d61481686_BN10L3_2026-09-07T01-43_hourly.json.gz (514 ms)
2026-09-07T00:43:08.059Z	info	Sicherung hourly gruen: LIVE_197f4d61481686_BN10L3_2026-09-07T02-43_hourly.json.gz (619 ms)
2026-09-07T01:43:08.141Z	info	Sicherung hourly gruen: LIVE_197f4d61481686_BN10L3_2026-09-07T03-43_hourly.json.gz (682 ms)
2026-09-07T02:43:07.960Z	info	Sicherung hourly gruen: LIVE_197f4d61481686_BN10L3_2026-09-07T04-43_hourly.json.gz (477 ms)
2026-09-07T03:37:53.569Z	info	1 Watcher-Meldung(en) ohne Inhaltsaenderung - nichts geschoben
2026-09-07T03:43:07.813Z	info	Sicherung hourly gruen: LIVE_197f4d61481686_BN10L3_2026-09-07T05-43_hourly.json.gz (272 ms)
2026-09-07T04:16:44.530Z	warn	Spielverbindung getrennt - warte auf neue Verbindung
2026-09-07T04:17:55.779Z	info	Master-Riegel gegen git ls-tree master -- src/ (144 Dateien)
2026-09-07T04:17:55.805Z	info	Beobachte src/ auf Aenderungen
2026-09-07T04:17:55.805Z	info	Anker uebernommen: totalPlaytime 443.66 h
2026-09-07T14:04:57.808Z	info	Spiel verbunden - Verifikation laeuft, es wird noch nichts geschrieben
2026-09-07T14:04:58.037Z	info	Verifiziert in 228 ms: 197f4d61481686 BN10 L3, 453.50 h
2026-09-07T14:04:58.380Z	info	Sicherung connect gruen: LIVE_197f4d61481686_BN10L3_2026-09-07T16-04_connect.json.gz (259 ms)
2026-09-07T14:05:01.030Z	info	Sicherung hourly gruen: LIVE_197f4d61481686_BN10L3_2026-09-07T16-05_hourly.json.gz (426 ms)
2026-09-07T14:05:01.460Z	info	142 Datei(en) ins Spiel uebertragen - 1 aus einem verweigerten Schub ZURUECKGEHALTEN
2026-09-07T14:05:01.916Z	info	142 Watcher-Meldung(en) ohne Inhaltsaenderung - nichts geschoben
2026-09-07T14:06:38.063Z	info	Eingriff rpc: pushFile data/cmd.txt (200 im Puffer)
2026-09-07T14:15:00.671Z	info	Nach ## Sofort eingetragen: Autosave steht
2026-09-07T15:14:40.889Z	info	Master-Riegel gegen git ls-tree master -- src/ (144 Dateien)
2026-09-07T15:14:40.911Z	info	Anker uebernommen: totalPlaytime 453.66 h
2026-09-07T15:14:40.912Z	info	Beobachte src/ auf Aenderungen
2026-09-07T15:14:46.221Z	info	Spiel verbunden - Verifikation laeuft, es wird noch nichts geschrieben
2026-09-07T15:14:46.794Z	info	Verifiziert in 565 ms: 197f4d61481686 BN10 L3, 454.66 h
2026-09-07T15:14:47.479Z	info	Sicherung connect gruen: LIVE_197f4d61481686_BN10L3_2026-09-07T17-14_connect.json.gz (557 ms)
2026-09-07T15:14:48.927Z	info	142 Datei(en) ins Spiel uebertragen - 1 aus einem verweigerten Schub ZURUECKGEHALTEN
2026-09-07T15:14:49.386Z	info	142 Watcher-Meldung(en) ohne Inhaltsaenderung - nichts geschoben
2026-09-07T15:15:41.555Z	info	Sicherung hourly gruen: LIVE_197f4d61481686_BN10L3_2026-09-07T17-15_hourly.json.gz (570 ms)
2026-09-07T16:15:41.746Z	info	Sicherung hourly gruen: LIVE_197f4d61481686_BN10L3_2026-09-07T18-15_hourly.json.gz (669 ms)
2026-09-07T16:22:44.268Z	info	1 Watcher-Meldung(en) ohne Inhaltsaenderung - nichts geschoben
2026-09-07T17:15:41.541Z	info	Sicherung hourly gruen: LIVE_197f4d61481686_BN10L3_2026-09-07T19-15_hourly.json.gz (424 ms)
2026-09-07T18:15:41.798Z	info	Sicherung hourly gruen: LIVE_197f4d61481686_BN10L3_2026-09-07T20-15_hourly.json.gz (501 ms)
2026-09-07T19:15:41.711Z	info	Sicherung hourly gruen: LIVE_197f4d61481686_BN10L3_2026-09-07T21-15_hourly.json.gz (390 ms)
2026-09-07T20:15:41.688Z	info	Sicherung hourly gruen: LIVE_197f4d61481686_BN10L3_2026-09-07T22-15_hourly.json.gz (298 ms)
2026-09-07T21:15:42.945Z	info	Sicherung hourly gruen: LIVE_197f4d61481686_BN10L3_2026-09-07T23-15_hourly.json.gz (448 ms)
2026-09-07T22:15:43.226Z	info	Sicherung hourly gruen: LIVE_197f4d61481686_BN10L3_2026-09-08T00-15_hourly.json.gz (653 ms)
2026-09-07T23:15:43.494Z	info	Sicherung hourly gruen: LIVE_197f4d61481686_BN10L3_2026-09-08T01-15_hourly.json.gz (837 ms)
2026-09-08T00:15:43.696Z	info	Sicherung hourly gruen: LIVE_197f4d61481686_BN10L3_2026-09-08T02-15_hourly.json.gz (987 ms)
2026-09-08T01:15:44.425Z	info	Sicherung hourly gruen: LIVE_197f4d61481686_BN10L3_2026-09-08T03-15_hourly.json.gz (1635 ms)
2026-09-08T02:15:43.199Z	info	Sicherung hourly gruen: LIVE_197f4d61481686_BN10L3_2026-09-08T04-15_hourly.json.gz (343 ms)
2026-09-08T03:15:43.283Z	info	Sicherung hourly gruen: LIVE_197f4d61481686_BN10L3_2026-09-08T05-15_hourly.json.gz (358 ms)
2026-09-08T13:45:45.243Z	info	Master-Riegel gegen git ls-tree master -- src/ (144 Dateien)
2026-09-08T13:45:45.267Z	info	Anker uebernommen: totalPlaytime 467.54 h
2026-09-08T13:45:45.268Z	info	Beobachte src/ auf Aenderungen
2026-09-08T13:45:49.844Z	info	Spiel verbunden - Verifikation laeuft, es wird noch nichts geschrieben
2026-09-08T13:45:50.114Z	info	Verifiziert in 269 ms: 197f4d61481686 BN10 L3, 477.18 h
2026-09-08T13:45:50.465Z	info	Sicherung connect gruen: LIVE_197f4d61481686_BN10L3_2026-09-08T15-45_connect.json.gz (262 ms)
2026-09-08T13:45:53.162Z	info	142 Datei(en) ins Spiel uebertragen - 1 aus einem verweigerten Schub ZURUECKGEHALTEN
2026-09-08T13:45:53.581Z	info	142 Watcher-Meldung(en) ohne Inhaltsaenderung - nichts geschoben
2026-09-08T13:46:45.441Z	info	Nach ## Sofort eingetragen: Bruecke ohne Sicherung - Spielstand liegt in Downloads
2026-09-08T13:46:46.014Z	info	Sicherung hourly gruen: LIVE_197f4d61481686_BN10L3_2026-09-08T15-46_hourly.json.gz (654 ms)
2026-09-08T14:46:46.188Z	info	Sicherung hourly gruen: LIVE_197f4d61481686_BN10L3_2026-09-08T16-46_hourly.json.gz (726 ms)
2026-09-08T15:44:41.768Z	info	1 Watcher-Meldung(en) ohne Inhaltsaenderung - nichts geschoben
2026-09-08T15:46:46.112Z	info	Sicherung hourly gruen: LIVE_197f4d61481686_BN10L3_2026-09-08T17-46_hourly.json.gz (573 ms)
2026-09-08T16:46:46.021Z	info	Sicherung hourly gruen: LIVE_197f4d61481686_BN10L3_2026-09-08T18-46_hourly.json.gz (455 ms)
2026-09-09T14:32:24.825Z	info	Master-Riegel gegen git ls-tree master -- src/ (144 Dateien)
2026-09-09T14:32:24.894Z	info	Anker uebernommen: totalPlaytime 480.19 h
2026-09-09T14:32:24.897Z	info	Beobachte src/ auf Aenderungen
2026-09-09T14:32:24.976Z	info	Spiel verbunden - Verifikation laeuft, es wird noch nichts geschrieben
2026-09-09T14:32:25.707Z	info	Verifiziert in 729 ms: 197f4d61481686 BN10 L3, 501.95 h
2026-09-09T14:32:26.590Z	info	Sicherung connect gruen: LIVE_197f4d61481686_BN10L3_2026-09-09T16-32_connect.json.gz (713 ms)
2026-09-09T14:32:30.556Z	info	142 Datei(en) ins Spiel uebertragen - 1 aus einem verweigerten Schub ZURUECKGEHALTEN
2026-09-09T14:32:31.073Z	info	142 Watcher-Meldung(en) ohne Inhaltsaenderung - nichts geschoben
2026-09-09T14:33:25.851Z	info	Nach ## Sofort eingetragen: Bruecke ohne Sicherung - Spielstand liegt in Downloads
2026-09-09T14:33:25.878Z	info	Sicherung hourly gruen: LIVE_197f4d61481686_BN10L3_2026-09-09T16-33_hourly.json.gz (880 ms)
2026-09-09T15:08:24.927Z	info	Handschlag angefragt: install -> pre-install
2026-09-09T15:08:25.486Z	info	Sicherung pre-install gruen: LIVE_197f4d61481686_BN10L3_2026-09-09T17-08_pre-install.json.gz (499 ms)
2026-09-09T15:33:25.511Z	info	Sicherung hourly gruen: LIVE_197f4d61481686_BN10L3_2026-09-09T17-33_hourly.json.gz (441 ms)
2026-09-09T16:33:25.428Z	info	Sicherung hourly gruen: LIVE_197f4d61481686_BN10L3_2026-09-09T18-33_hourly.json.gz (324 ms)
2026-09-09T17:33:25.685Z	info	Sicherung hourly gruen: LIVE_197f4d61481686_BN10L3_2026-09-09T19-33_hourly.json.gz (546 ms)
2026-09-09T17:35:25.069Z	info	Handschlag angefragt: install -> pre-install
2026-09-09T17:35:25.395Z	info	Sicherung pre-install gruen: LIVE_197f4d61481686_BN10L3_2026-09-09T19-35_pre-install.json.gz (267 ms)
2026-09-09T18:33:25.582Z	info	Sicherung hourly gruen: LIVE_197f4d61481686_BN10L3_2026-09-09T20-33_hourly.json.gz (401 ms)
2026-09-09T19:05:43.304Z	warn	Spielverbindung getrennt - warte auf neue Verbindung
2026-09-10T03:13:28.151Z	info	Spiel verbunden - Verifikation laeuft, es wird noch nichts geschrieben
2026-09-10T03:13:28.307Z	info	Nach ## Sofort eingetragen: Spiel-Tab nicht verbunden
2026-09-10T03:13:28.446Z	info	Nach ## Sofort eingetragen: Telemetrie veraltet
2026-09-10T03:13:28.676Z	info	Verifiziert in 524 ms: 197f4d61481686 BN10 L3, 514.64 h
2026-09-10T03:13:29.236Z	info	Sicherung connect gruen: LIVE_197f4d61481686_BN10L3_2026-09-10T05-13_connect.json.gz (481 ms)
2026-09-10T03:13:32.180Z	info	142 Datei(en) ins Spiel uebertragen - 1 aus einem verweigerten Schub ZURUECKGEHALTEN
2026-09-10T03:13:32.627Z	info	142 Watcher-Meldung(en) ohne Inhaltsaenderung - nichts geschoben
2026-09-10T03:14:26.117Z	info	Nach ## Sofort eingetragen: Bruecke ohne Sicherung - Spielstand liegt in Downloads
2026-09-10T03:14:26.685Z	info	Sicherung hourly gruen: LIVE_197f4d61481686_BN10L3_2026-09-10T05-14_hourly.json.gz (659 ms)
2026-09-10T04:14:26.964Z	info	Sicherung hourly gruen: LIVE_197f4d61481686_BN10L3_2026-09-10T06-14_hourly.json.gz (847 ms)
2026-09-10T05:14:26.872Z	info	Sicherung hourly gruen: LIVE_197f4d61481686_BN10L3_2026-09-10T07-14_hourly.json.gz (708 ms)
2026-09-10T06:14:27.017Z	info	Sicherung hourly gruen: LIVE_197f4d61481686_BN10L3_2026-09-10T08-14_hourly.json.gz (769 ms)
2026-09-10T06:17:26.187Z	info	Handschlag angefragt: install -> pre-install
2026-09-10T06:17:26.752Z	info	Sicherung pre-install gruen: LIVE_197f4d61481686_BN10L3_2026-09-10T08-17_pre-install.json.gz (510 ms)
2026-09-10T07:14:26.813Z	info	Sicherung hourly gruen: LIVE_197f4d61481686_BN10L3_2026-09-10T09-14_hourly.json.gz (513 ms)
2026-09-10T08:14:26.923Z	info	Sicherung hourly gruen: LIVE_197f4d61481686_BN10L3_2026-09-10T10-14_hourly.json.gz (552 ms)
2026-09-10T09:14:26.988Z	info	Sicherung hourly gruen: LIVE_197f4d61481686_BN10L3_2026-09-10T11-14_hourly.json.gz (560 ms)
2026-09-10T10:14:27.038Z	info	Sicherung hourly gruen: LIVE_197f4d61481686_BN10L3_2026-09-10T12-14_hourly.json.gz (531 ms)
2026-09-10T11:14:27.095Z	info	Sicherung hourly gruen: LIVE_197f4d61481686_BN10L3_2026-09-10T13-14_hourly.json.gz (509 ms)
2026-09-10T12:14:27.180Z	info	Sicherung hourly gruen: LIVE_197f4d61481686_BN4L2_2026-09-10T14-14_hourly.json.gz (508 ms)
2026-09-10T13:15:24.159Z	info	Sicherung hourly gruen: LIVE_197f4d61481686_BN4L2_2026-09-10T15-15_hourly.json.gz (494 ms)
2026-09-10T13:36:15.200Z	info	1 Watcher-Meldung(en) ohne Inhaltsaenderung - nichts geschoben
2026-09-10T13:36:18.788Z	info	1 Watcher-Meldung(en) ohne Inhaltsaenderung - nichts geschoben
2026-09-10T13:36:51.335Z	info	1 Watcher-Meldung(en) ohne Inhaltsaenderung - nichts geschoben
2026-09-10T13:37:55.210Z	info	Eingriff push: bn4net.js (200 im Puffer)
2026-09-10T13:37:55.736Z	info	Sicherung pre-hotswap gruen: LIVE_197f4d61481686_BN4L2_2026-09-10T15-37_pre-hotswap.json.gz (394 ms)
2026-09-10T13:37:55.754Z	info	Nachgeschoben: bn4net.js
2026-09-10T13:42:39.524Z	info	Eingriff push: graftplan.json (200 im Puffer)
2026-09-10T13:42:39.526Z	warn	graftplan.json steht in nicht-schieben.txt - NICHT geschoben
2026-09-10T14:15:24.457Z	info	Sicherung hourly gruen: LIVE_197f4d61481686_BN4L2_2026-09-10T16-15_hourly.json.gz (696 ms)
2026-09-10T14:17:29.802Z	info	Eingriff push: bn4net.js (200 im Puffer)
2026-09-10T14:17:30.181Z	info	Sicherung pre-hotswap gruen: LIVE_197f4d61481686_BN4L2_2026-09-10T16-17_pre-hotswap.json.gz (312 ms)
2026-09-10T14:17:30.189Z	info	Nachgeschoben: bn4net.js
2026-09-10T14:17:45.313Z	info	Eingriff push: bn4net.js (200 im Puffer)
2026-09-10T14:17:45.321Z	info	Nachgeschoben: bn4net.js
2026-09-10T14:32:40.358Z	info	Eingriff rpc: pushFile data/reload.txt (200 im Puffer)
2026-09-10T14:37:45.939Z	info	1 Watcher-Meldung(en) ohne Inhaltsaenderung - nichts geschoben
2026-09-10T14:42:20.252Z	info	1 Watcher-Meldung(en) ohne Inhaltsaenderung - nichts geschoben
2026-09-10T14:42:38.137Z	info	1 Watcher-Meldung(en) ohne Inhaltsaenderung - nichts geschoben
2026-09-10T14:42:40.832Z	info	2 Watcher-Meldung(en) ohne Inhaltsaenderung - nichts geschoben
2026-09-10T14:42:45.720Z	info	110 Watcher-Meldung(en) ohne Inhaltsaenderung - nichts geschoben
2026-09-10T14:43:07.075Z	info	Eingriff push: graftplan.json (200 im Puffer)
2026-09-10T14:43:07.588Z	info	Sicherung pre-hotswap gruen: LIVE_197f4d61481686_BN4L2_2026-09-10T16-43_pre-hotswap.json.gz (441 ms)
2026-09-10T14:43:07.590Z	warn	graftplan.json steht in nicht-schieben.txt - NICHT geschoben
2026-09-10T15:15:24.586Z	info	Sicherung hourly gruen: LIVE_197f4d61481686_BN4L2_2026-09-10T17-15_hourly.json.gz (785 ms)
2026-09-10T15:20:41.345Z	info	1 Watcher-Meldung(en) ohne Inhaltsaenderung - nichts geschoben
2026-09-10T16:15:24.571Z	info	Sicherung hourly gruen: LIVE_197f4d61481686_BN4L2_2026-09-10T18-15_hourly.json.gz (731 ms)
2026-09-10T17:15:24.295Z	info	Sicherung hourly gruen: LIVE_197f4d61481686_BN4L2_2026-09-10T19-15_hourly.json.gz (434 ms)
2026-09-10T18:15:24.655Z	info	Sicherung hourly gruen: LIVE_197f4d61481686_BN4L2_2026-09-10T20-15_hourly.json.gz (584 ms)
2026-09-10T19:15:24.250Z	info	Sicherung hourly gruen: LIVE_197f4d61481686_BN4L2_2026-09-10T21-15_hourly.json.gz (262 ms)
2026-09-10T20:15:24.338Z	info	Sicherung hourly gruen: LIVE_197f4d61481686_BN4L2_2026-09-10T22-15_hourly.json.gz (301 ms)
2026-09-10T20:37:23.990Z	info	Handschlag angefragt: install -> pre-install
2026-09-10T20:37:24.569Z	info	Sicherung pre-install gruen: LIVE_197f4d61481686_BN4L2_2026-09-10T22-37_pre-install.json.gz (517 ms)
2026-09-10T21:15:24.266Z	info	Sicherung hourly gruen: LIVE_197f4d61481686_BN4L2_2026-09-10T23-15_hourly.json.gz (215 ms)
2026-09-10T22:15:24.331Z	info	Sicherung hourly gruen: LIVE_197f4d61481686_BN4L2_2026-09-11T00-15_hourly.json.gz (237 ms)
2026-09-10T23:15:24.370Z	info	Sicherung hourly gruen: LIVE_197f4d61481686_BN4L2_2026-09-11T01-15_hourly.json.gz (244 ms)
2026-09-11T00:15:24.400Z	info	Sicherung hourly gruen: LIVE_197f4d61481686_BN4L2_2026-09-11T02-15_hourly.json.gz (241 ms)
2026-09-11T01:15:24.459Z	info	Sicherung hourly gruen: LIVE_197f4d61481686_BN4L2_2026-09-11T03-15_hourly.json.gz (268 ms)
2026-09-11T02:15:24.526Z	info	Sicherung hourly gruen: LIVE_197f4d61481686_BN4L2_2026-09-11T04-15_hourly.json.gz (301 ms)
2026-09-11T02:27:24.192Z	info	Handschlag angefragt: install -> pre-install
2026-09-11T02:27:24.842Z	info	Sicherung pre-install gruen: LIVE_197f4d61481686_BN4L2_2026-09-11T04-27_pre-install.json.gz (590 ms)
2026-09-11T03:15:24.580Z	info	Sicherung hourly gruen: LIVE_197f4d61481686_BN4L2_2026-09-11T05-15_hourly.json.gz (295 ms)
2026-09-11T03:24:16.847Z	info	1 Watcher-Meldung(en) ohne Inhaltsaenderung - nichts geschoben
2026-09-11T03:27:55.795Z	info	Eingriff push: blade.js (200 im Puffer)
2026-09-11T03:27:56.101Z	info	Sicherung pre-hotswap gruen: LIVE_197f4d61481686_BN4L2_2026-09-11T05-27_pre-hotswap.json.gz (244 ms)
2026-09-11T03:27:56.107Z	info	Nachgeschoben: blade.js
2026-09-11T03:28:03.940Z	info	5 Watcher-Meldung(en) ohne Inhaltsaenderung - nichts geschoben
2026-09-11T03:28:13.973Z	info	121 Watcher-Meldung(en) ohne Inhaltsaenderung - nichts geschoben
2026-09-11T03:28:15.231Z	info	5 Watcher-Meldung(en) ohne Inhaltsaenderung - nichts geschoben
2026-09-11T03:28:15.728Z	info	3 Watcher-Meldung(en) ohne Inhaltsaenderung - nichts geschoben
2026-09-11T03:28:16.212Z	info	1 Watcher-Meldung(en) ohne Inhaltsaenderung - nichts geschoben
2026-09-11T03:28:25.099Z	info	Eingriff push: graftplan.json (200 im Puffer)
2026-09-11T03:28:25.099Z	warn	graftplan.json steht in nicht-schieben.txt - NICHT geschoben
2026-09-11T03:32:38.770Z	info	Eingriff push: blade.js (200 im Puffer)
2026-09-11T03:32:38.799Z	info	Nachgeschoben: blade.js
2026-09-11T03:32:39.276Z	info	Eingriff push: blade.js (200 im Puffer)
2026-09-11T03:32:39.290Z	info	Nachgeschoben: blade.js
2026-09-11T03:32:54.090Z	info	Eingriff push: blade.js (200 im Puffer)
2026-09-11T03:32:54.101Z	info	Nachgeschoben: blade.js
2026-09-11T03:32:54.615Z	info	Eingriff push: blade.js (200 im Puffer)
2026-09-11T03:32:54.633Z	info	Nachgeschoben: blade.js
2026-09-11T03:34:58.793Z	info	Eingriff push: blade.js (200 im Puffer)
2026-09-11T03:34:58.799Z	info	Nachgeschoben: blade.js
2026-09-11T03:35:17.279Z	info	Eingriff push: blade.js (200 im Puffer)
2026-09-11T03:35:17.284Z	info	Nachgeschoben: blade.js
2026-09-11T03:35:37.516Z	info	Eingriff push: lib/leiter.js (200 im Puffer)
2026-09-11T03:35:37.520Z	info	Nachgeschoben: lib/leiter.js
2026-09-11T03:35:43.086Z	info	Eingriff push: bn4net.js (200 im Puffer)
2026-09-11T03:35:43.093Z	info	Nachgeschoben: bn4net.js
2026-09-11T03:35:51.494Z	info	Eingriff push: lib/leiter.js (200 im Puffer)
2026-09-11T03:35:51.498Z	info	Nachgeschoben: lib/leiter.js
2026-09-11T03:38:51.400Z	info	Eingriff push: blade.js (200 im Puffer)
2026-09-11T03:38:51.718Z	info	Sicherung pre-hotswap gruen: LIVE_197f4d61481686_BN4L2_2026-09-11T05-38_pre-hotswap.json.gz (256 ms)
2026-09-11T03:38:51.725Z	info	Nachgeschoben: blade.js
2026-09-11T03:39:21.490Z	info	Eingriff push: blade.js (200 im Puffer)
2026-09-11T03:39:21.496Z	info	Nachgeschoben: blade.js
2026-09-11T03:43:08.263Z	info	Eingriff push: blade.js (200 im Puffer)
2026-09-11T03:43:08.269Z	info	Nachgeschoben: blade.js
2026-09-11T03:46:39.084Z	info	3 Watcher-Meldung(en) ohne Inhaltsaenderung - nichts geschoben
2026-09-11T03:46:40.233Z	info	14 Watcher-Meldung(en) ohne Inhaltsaenderung - nichts geschoben
2026-09-11T03:47:15.205Z	info	1 Watcher-Meldung(en) ohne Inhaltsaenderung - nichts geschoben
2026-09-11T03:47:32.236Z	info	109 Watcher-Meldung(en) ohne Inhaltsaenderung - nichts geschoben
2026-09-11T03:47:52.577Z	info	Eingriff rpc: pushFile data/reload.txt (200 im Puffer)
2026-09-11T03:48:16.508Z	info	Eingriff rpc: pushFile data/reload.txt (200 im Puffer)
2026-09-11T03:48:46.671Z	info	Eingriff rpc: pushFile data/reload.txt (200 im Puffer)
2026-09-11T03:56:54.869Z	info	Eingriff push: guard.js (200 im Puffer)
2026-09-11T03:56:55.197Z	info	Sicherung pre-hotswap gruen: LIVE_197f4d61481686_BN4L2_2026-09-11T05-56_pre-hotswap.json.gz (269 ms)
2026-09-11T03:56:55.202Z	info	Nachgeschoben: guard.js
2026-09-11T03:57:22.649Z	info	Eingriff push: guard.js (200 im Puffer)
2026-09-11T03:57:22.653Z	info	Nachgeschoben: guard.js
2026-09-11T03:57:25.144Z	info	Eingriff push: guard.js (200 im Puffer)
2026-09-11T03:57:25.148Z	info	Nachgeschoben: guard.js
2026-09-11T03:57:26.946Z	info	Eingriff push: guard.js (200 im Puffer)
2026-09-11T03:57:26.949Z	info	Nachgeschoben: guard.js
2026-09-11T03:57:28.829Z	info	Eingriff push: guard.js (200 im Puffer)
2026-09-11T03:57:28.833Z	info	Nachgeschoben: guard.js
2026-09-11T03:57:32.146Z	info	Eingriff push: guard.js (200 im Puffer)
2026-09-11T03:57:32.150Z	info	Nachgeschoben: guard.js
2026-09-11T03:57:41.642Z	info	Eingriff push: guard.js (200 im Puffer)
2026-09-11T03:57:41.645Z	info	Nachgeschoben: guard.js
2026-09-11T03:57:46.698Z	info	Eingriff push: graftplan.json (200 im Puffer)
2026-09-11T03:57:46.700Z	warn	graftplan.json steht in nicht-schieben.txt - NICHT geschoben
2026-09-11T03:59:28.105Z	info	Eingriff push: blade.js (200 im Puffer)
2026-09-11T03:59:28.111Z	info	Nachgeschoben: blade.js
2026-09-11T03:59:33.310Z	info	Eingriff push: bn4net.js (200 im Puffer)
2026-09-11T03:59:33.317Z	info	Nachgeschoben: bn4net.js
2026-09-11T04:00:12.715Z	info	Eingriff push: blade.js (200 im Puffer)
2026-09-11T04:00:12.721Z	info	Nachgeschoben: blade.js
2026-09-11T04:01:02.476Z	info	Eingriff push: guard.js (200 im Puffer)
2026-09-11T04:01:02.481Z	info	Nachgeschoben: guard.js
2026-09-11T04:06:08.239Z	info	Eingriff push: registry.json (200 im Puffer)
2026-09-11T04:06:08.242Z	info	Nachgeschoben: registry.json
2026-09-11T04:10:23.928Z	info	Eingriff rpc: pushFile data/reload.txt (200 im Puffer)
2026-09-11T04:10:57.019Z	info	Eingriff rpc: pushFile data/reload.txt (200 im Puffer)
2026-09-11T04:14:43.485Z	info	Eingriff rpc: pushFile data/reload.txt (200 im Puffer)
2026-09-11T04:15:24.980Z	info	Sicherung hourly gruen: LIVE_197f4d61481686_BN4L2_2026-09-11T06-15_hourly.json.gz (301 ms)
2026-09-11T13:32:38.465Z	info	Master-Riegel gegen git ls-tree master -- src/ (144 Dateien)
2026-09-11T13:32:38.492Z	info	Beobachte src/ auf Aenderungen
2026-09-11T13:32:38.491Z	info	Anker uebernommen: totalPlaytime 539.70 h
2026-09-11T13:32:40.956Z	info	Spiel verbunden - Verifikation laeuft, es wird noch nichts geschrieben
2026-09-11T13:32:41.247Z	info	Verifiziert in 290 ms: 197f4d61481686 BN4 L2, 548.96 h
2026-09-11T13:32:41.668Z	info	Sicherung connect gruen: LIVE_197f4d61481686_BN4L2_2026-09-11T15-32_connect.json.gz (315 ms)
2026-09-11T13:32:44.298Z	info	142 Datei(en) ins Spiel uebertragen - 1 aus einem verweigerten Schub ZURUECKGEHALTEN
2026-09-11T13:32:44.753Z	info	138 Watcher-Meldung(en) ohne Inhaltsaenderung - nichts geschoben
2026-09-11T13:33:38.685Z	info	Nach ## Sofort eingetragen: Bruecke ohne Sicherung - Spielstand liegt in Downloads
2026-09-11T13:33:38.735Z	info	Handschlag angefragt: install -> pre-install
2026-09-11T13:33:39.547Z	info	Sicherung hourly gruen: LIVE_197f4d61481686_BN4L2_2026-09-11T15-33_hourly.json.gz (894 ms)
2026-09-11T13:33:39.573Z	info	Sicherung pre-install gruen: LIVE_197f4d61481686_BN4L2_2026-09-11T15-33_pre-install.json.gz (747 ms)
2026-09-11T14:33:39.422Z	info	Sicherung hourly gruen: LIVE_197f4d61481686_BN4L2_2026-09-11T16-33_hourly.json.gz (724 ms)
2026-09-11T15:33:43.211Z	info	Sicherung hourly gruen: LIVE_197f4d61481686_BN4L2_2026-09-11T17-33_hourly.json.gz (3426 ms)
2026-09-11T15:55:51.238Z	info	2 Watcher-Meldung(en) ohne Inhaltsaenderung - nichts geschoben
2026-09-11T16:33:39.792Z	info	Sicherung hourly gruen: LIVE_197f4d61481686_BN4L2_2026-09-11T18-33_hourly.json.gz (446 ms)
2026-09-11T17:32:41.253Z	info	1 Watcher-Meldung(en) ohne Inhaltsaenderung - nichts geschoben
2026-09-11T17:33:40.148Z	info	Sicherung hourly gruen: LIVE_197f4d61481686_BN4L2_2026-09-11T19-33_hourly.json.gz (728 ms)
2026-09-11T17:34:52.771Z	info	Eingriff push: blade.js (200 im Puffer)
2026-09-11T17:34:53.244Z	info	Sicherung pre-hotswap gruen: LIVE_197f4d61481686_BN4L2_2026-09-11T19-34_pre-hotswap.json.gz (388 ms)
2026-09-11T17:34:53.253Z	info	Nachgeschoben: blade.js
2026-09-11T17:35:03.119Z	info	129 Watcher-Meldung(en) ohne Inhaltsaenderung - nichts geschoben
2026-09-11T17:35:03.664Z	info	1 Watcher-Meldung(en) ohne Inhaltsaenderung - nichts geschoben
2026-09-11T17:35:05.876Z	info	Eingriff push: graftplan.json (200 im Puffer)
2026-09-11T17:35:05.877Z	warn	graftplan.json steht in nicht-schieben.txt - NICHT geschoben
2026-09-11T17:39:38.747Z	info	Eingriff push: blade.js (200 im Puffer)
2026-09-11T17:39:38.754Z	info	Nachgeschoben: blade.js
2026-09-11T17:41:50.495Z	info	Eingriff push: blade.js (200 im Puffer)
2026-09-11T17:41:50.505Z	info	Nachgeschoben: blade.js
2026-09-11T17:42:37.132Z	info	Eingriff push: blade.js (200 im Puffer)
2026-09-11T17:42:37.144Z	info	Nachgeschoben: blade.js
2026-09-11T17:47:19.932Z	info	Eingriff push: blade.js (200 im Puffer)
2026-09-11T17:47:20.617Z	info	Sicherung pre-hotswap gruen: LIVE_197f4d61481686_BN4L2_2026-09-11T19-47_pre-hotswap.json.gz (570 ms)
2026-09-11T17:47:20.631Z	info	Nachgeschoben: blade.js
2026-09-11T17:51:23.231Z	info	Eingriff rpc: pushFile data/cmd.txt (200 im Puffer)
2026-09-11T17:52:57.565Z	info	Eingriff rpc: pushFile data/task.txt (200 im Puffer)
2026-09-11T17:53:02.591Z	info	Eingriff rpc: pushFile data/reload.txt (200 im Puffer)
2026-09-11T17:53:10.610Z	info	Eingriff rpc: pushFile data/task.txt (200 im Puffer)
2026-09-11T18:33:39.787Z	info	Sicherung hourly gruen: LIVE_197f4d61481686_BN4L2_2026-09-11T20-33_hourly.json.gz (370 ms)
2026-09-11T19:33:39.742Z	info	Sicherung hourly gruen: LIVE_197f4d61481686_BN4L2_2026-09-11T21-33_hourly.json.gz (297 ms)
2026-09-11T20:33:39.808Z	info	Sicherung hourly gruen: LIVE_197f4d61481686_BN4L2_2026-09-11T22-33_hourly.json.gz (341 ms)
2026-09-11T21:33:39.822Z	info	Sicherung hourly gruen: LIVE_197f4d61481686_BN4L2_2026-09-11T23-33_hourly.json.gz (315 ms)
2026-09-12T02:52:35.910Z	info	Master-Riegel gegen git ls-tree master -- src/ (144 Dateien)
2026-09-12T02:52:35.935Z	info	Beobachte src/ auf Aenderungen
2026-09-12T02:52:35.934Z	info	Anker uebernommen: totalPlaytime 556.99 h
2026-09-12T02:52:37.073Z	info	Spiel verbunden - Verifikation laeuft, es wird noch nichts geschrieben
2026-09-12T02:52:37.473Z	info	Verifiziert in 400 ms: 197f4d61481686 BN4 L2, 562.29 h
2026-09-12T02:52:37.968Z	info	Sicherung connect gruen: LIVE_197f4d61481686_BN4L2_2026-09-12T04-52_connect.json.gz (411 ms)
2026-09-12T02:52:40.466Z	info	142 Datei(en) ins Spiel uebertragen - 1 aus einem verweigerten Schub ZURUECKGEHALTEN
2026-09-12T02:52:40.921Z	info	142 Watcher-Meldung(en) ohne Inhaltsaenderung - nichts geschoben
2026-09-12T02:53:36.123Z	info	Nach ## Sofort eingetragen: Bruecke ohne Sicherung - Spielstand liegt in Downloads
2026-09-12T02:53:36.713Z	info	Sicherung hourly gruen: LIVE_197f4d61481686_BN4L2_2026-09-12T04-53_hourly.json.gz (698 ms)
2026-09-12T03:53:36.720Z	info	Sicherung hourly gruen: LIVE_197f4d61481686_BN4L2_2026-09-12T05-53_hourly.json.gz (626 ms)
2026-09-12T04:45:55.026Z	info	Master-Riegel gegen git ls-tree master -- src/ (144 Dateien)
2026-09-12T04:45:55.054Z	info	Beobachte src/ auf Aenderungen
2026-09-12T04:45:55.051Z	info	Anker uebernommen: totalPlaytime 563.97 h
2026-09-12T04:45:55.640Z	info	Spiel verbunden - Verifikation laeuft, es wird noch nichts geschrieben
2026-09-12T04:45:55.940Z	info	Verifiziert in 298 ms: 197f4d61481686 BN4 L2, 564.18 h
2026-09-12T04:45:56.380Z	info	Sicherung connect gruen: LIVE_197f4d61481686_BN4L2_2026-09-12T06-45_connect.json.gz (355 ms)
2026-09-12T04:45:59.029Z	info	142 Datei(en) ins Spiel uebertragen - 1 aus einem verweigerten Schub ZURUECKGEHALTEN
2026-09-12T04:45:59.472Z	info	142 Watcher-Meldung(en) ohne Inhaltsaenderung - nichts geschoben
2026-09-12T04:53:55.383Z	info	Sicherung hourly gruen: LIVE_197f4d61481686_BN4L2_2026-09-12T06-53_hourly.json.gz (229 ms)
2026-09-12T05:30:55.125Z	info	Handschlag angefragt: install -> pre-install
2026-09-12T05:30:55.424Z	info	Sicherung pre-install gruen: LIVE_197f4d61481686_BN4L2_2026-09-12T07-30_pre-install.json.gz (234 ms)
2026-09-12T05:53:55.411Z	info	Sicherung hourly gruen: LIVE_197f4d61481686_BN4L2_2026-09-12T07-53_hourly.json.gz (198 ms)
2026-09-12T05:56:05.900Z	info	1 Watcher-Meldung(en) ohne Inhaltsaenderung - nichts geschoben
2026-09-12T06:53:55.628Z	info	Sicherung hourly gruen: LIVE_197f4d61481686_BN4L2_2026-09-12T08-53_hourly.json.gz (316 ms)
2026-09-12T07:23:55.269Z	info	Handschlag angefragt: install -> pre-install
2026-09-12T07:23:55.894Z	info	Sicherung pre-install gruen: LIVE_197f4d61481686_BN4L2_2026-09-12T09-23_pre-install.json.gz (517 ms)
2026-09-12T07:53:55.702Z	info	Sicherung hourly gruen: LIVE_197f4d61481686_BN4L2_2026-09-12T09-53_hourly.json.gz (320 ms)
2026-09-12T08:53:55.806Z	info	Sicherung hourly gruen: LIVE_197f4d61481686_BN4L2_2026-09-12T10-53_hourly.json.gz (347 ms)
2026-09-12T09:44:55.390Z	info	Handschlag angefragt: install -> pre-install
2026-09-12T09:44:56.056Z	info	Sicherung pre-install gruen: LIVE_197f4d61481686_BN4L2_2026-09-12T11-44_pre-install.json.gz (532 ms)
2026-09-12T09:53:55.798Z	info	Sicherung hourly gruen: LIVE_197f4d61481686_BN4L2_2026-09-12T11-53_hourly.json.gz (314 ms)
2026-09-12T10:53:55.756Z	info	Sicherung hourly gruen: LIVE_197f4d61481686_BN4L2_2026-09-12T12-53_hourly.json.gz (228 ms)
2026-09-12T11:53:55.901Z	info	Sicherung hourly gruen: LIVE_197f4d61481686_BN4L3_2026-09-12T13-53_hourly.json.gz (307 ms)
2026-09-12T12:53:55.873Z	info	Sicherung hourly gruen: LIVE_197f4d61481686_BN4L3_2026-09-12T14-53_hourly.json.gz (222 ms)
2026-09-12T13:53:55.998Z	info	Sicherung hourly gruen: LIVE_197f4d61481686_BN4L3_2026-09-12T15-53_hourly.json.gz (284 ms)
2026-09-12T14:53:56.134Z	info	Sicherung hourly gruen: LIVE_197f4d61481686_BN4L3_2026-09-12T16-53_hourly.json.gz (312 ms)
2026-09-12T15:53:56.248Z	info	Sicherung hourly gruen: LIVE_197f4d61481686_BN4L3_2026-09-12T17-53_hourly.json.gz (345 ms)
2026-09-12T16:53:56.206Z	info	Sicherung hourly gruen: LIVE_197f4d61481686_BN4L3_2026-09-12T18-53_hourly.json.gz (224 ms)
2026-09-12T17:53:56.340Z	info	Sicherung hourly gruen: LIVE_197f4d61481686_BN4L3_2026-09-12T19-53_hourly.json.gz (286 ms)
2026-09-12T18:53:56.522Z	info	Sicherung hourly gruen: LIVE_197f4d61481686_BN4L3_2026-09-12T20-53_hourly.json.gz (395 ms)
2026-09-12T19:53:56.505Z	info	Sicherung hourly gruen: LIVE_197f4d61481686_BN4L3_2026-09-12T21-53_hourly.json.gz (355 ms)
2026-09-12T20:50:56.219Z	info	Handschlag angefragt: install -> pre-install
2026-09-12T20:50:56.821Z	info	Sicherung pre-install gruen: LIVE_197f4d61481686_BN4L3_2026-09-12T22-50_pre-install.json.gz (534 ms)
2026-09-12T20:53:56.474Z	info	Sicherung hourly gruen: LIVE_197f4d61481686_BN4L3_2026-09-12T22-53_hourly.json.gz (252 ms)
2026-09-12T21:53:56.511Z	info	Sicherung hourly gruen: LIVE_197f4d61481686_BN4L3_2026-09-12T23-53_hourly.json.gz (248 ms)
2026-09-12T22:53:56.560Z	info	Sicherung hourly gruen: LIVE_197f4d61481686_BN4L3_2026-09-13T00-53_hourly.json.gz (247 ms)
2026-09-12T23:53:56.610Z	info	Sicherung hourly gruen: LIVE_197f4d61481686_BN4L3_2026-09-13T01-53_hourly.json.gz (282 ms)
2026-09-13T00:53:56.707Z	info	Sicherung hourly gruen: LIVE_197f4d61481686_BN4L3_2026-09-13T02-53_hourly.json.gz (339 ms)
2026-09-13T01:31:56.312Z	info	Handschlag angefragt: install -> pre-install
2026-09-13T01:31:56.706Z	info	Sicherung pre-install gruen: LIVE_197f4d61481686_BN4L3_2026-09-13T03-31_pre-install.json.gz (339 ms)
2026-09-13T01:53:56.641Z	info	Sicherung hourly gruen: LIVE_197f4d61481686_BN4L3_2026-09-13T03-53_hourly.json.gz (257 ms)
2026-09-13T02:53:56.724Z	info	Sicherung hourly gruen: LIVE_197f4d61481686_BN4L3_2026-09-13T04-53_hourly.json.gz (307 ms)
2026-09-13T03:53:56.716Z	info	Sicherung hourly gruen: LIVE_197f4d61481686_BN4L3_2026-09-13T05-53_hourly.json.gz (254 ms)
2026-09-13T04:53:56.754Z	info	Sicherung hourly gruen: LIVE_197f4d61481686_BN4L3_2026-09-13T06-53_hourly.json.gz (272 ms)
2026-09-13T05:34:56.439Z	info	Handschlag angefragt: install -> pre-install
2026-09-13T05:34:56.740Z	info	Sicherung pre-install gruen: LIVE_197f4d61481686_BN4L3_2026-09-13T07-34_pre-install.json.gz (239 ms)
2026-09-13T05:53:56.771Z	info	Sicherung hourly gruen: LIVE_197f4d61481686_BN4L3_2026-09-13T07-53_hourly.json.gz (246 ms)
2026-09-13T06:53:56.839Z	info	Sicherung hourly gruen: LIVE_197f4d61481686_BN4L3_2026-09-13T08-53_hourly.json.gz (276 ms)
2026-09-13T07:53:56.849Z	info	Sicherung hourly gruen: LIVE_197f4d61481686_BN4L3_2026-09-13T09-53_hourly.json.gz (250 ms)
2026-09-13T08:09:56.523Z	info	Handschlag angefragt: install -> pre-install
2026-09-13T08:09:56.866Z	info	Sicherung pre-install gruen: LIVE_197f4d61481686_BN4L3_2026-09-13T10-09_pre-install.json.gz (277 ms)
2026-09-13T08:53:56.972Z	info	Sicherung hourly gruen: LIVE_197f4d61481686_BN4L3_2026-09-13T10-53_hourly.json.gz (280 ms)
2026-09-13T09:53:57.023Z	info	Sicherung hourly gruen: LIVE_197f4d61481686_BN4L3_2026-09-13T11-53_hourly.json.gz (293 ms)
2026-09-13T10:53:57.151Z	info	Sicherung hourly gruen: LIVE_197f4d61481686_BN4L3_2026-09-13T12-53_hourly.json.gz (314 ms)
2026-09-13T11:53:57.319Z	info	Sicherung hourly gruen: LIVE_197f4d61481686_BN4L3_2026-09-13T13-53_hourly.json.gz (447 ms)
2026-09-13T12:42:56.824Z	info	Handschlag angefragt: install -> pre-install
2026-09-13T12:42:57.244Z	info	Sicherung pre-install gruen: LIVE_197f4d61481686_BN4L3_2026-09-13T14-42_pre-install.json.gz (357 ms)
2026-09-13T12:53:57.131Z	info	Sicherung hourly gruen: LIVE_197f4d61481686_BN4L3_2026-09-13T14-53_hourly.json.gz (231 ms)
2026-09-13T13:53:57.190Z	info	Sicherung hourly gruen: LIVE_197f4d61481686_BN4L3_2026-09-13T15-53_hourly.json.gz (259 ms)
2026-09-13T14:53:57.211Z	info	Sicherung hourly gruen: LIVE_197f4d61481686_BN4L3_2026-09-13T16-53_hourly.json.gz (255 ms)
2026-09-13T15:53:57.221Z	info	Sicherung hourly gruen: LIVE_197f4d61481686_BN4L3_2026-09-13T17-53_hourly.json.gz (216 ms)
2026-09-13T15:58:56.939Z	info	Handschlag angefragt: install -> pre-install
2026-09-13T15:58:57.235Z	info	Sicherung pre-install gruen: LIVE_197f4d61481686_BN4L3_2026-09-13T17-58_pre-install.json.gz (234 ms)
2026-09-13T16:53:57.291Z	info	Sicherung hourly gruen: LIVE_197f4d61481686_BN4L3_2026-09-13T18-53_hourly.json.gz (243 ms)
2026-09-13T17:53:57.390Z	info	Sicherung hourly gruen: LIVE_197f4d61481686_BN4L3_2026-09-13T19-53_hourly.json.gz (299 ms)
2026-09-13T18:29:57.041Z	info	Handschlag angefragt: install -> pre-install
2026-09-13T18:29:57.370Z	info	Sicherung pre-install gruen: LIVE_197f4d61481686_BN4L3_2026-09-13T20-29_pre-install.json.gz (258 ms)
2026-09-13T18:53:57.606Z	info	Sicherung hourly gruen: LIVE_197f4d61481686_BN4L3_2026-09-13T20-53_hourly.json.gz (429 ms)
2026-09-13T19:53:58.160Z	info	Sicherung hourly gruen: LIVE_197f4d61481686_BN4L3_2026-09-13T21-53_hourly.json.gz (968 ms)
2026-09-13T20:44:57.759Z	warn	Spielverbindung getrennt - warte auf neue Verbindung
2026-09-14T03:19:34.388Z	info	Spiel verbunden - Verifikation laeuft, es wird noch nichts geschrieben
2026-09-14T03:19:34.569Z	info	Nach ## Sofort eingetragen: Spiel-Tab nicht verbunden
2026-09-14T03:19:34.759Z	info	Nach ## Sofort eingetragen: Telemetrie veraltet
2026-09-14T03:19:35.153Z	info	Verifiziert in 765 ms: 197f4d61481686 BN4 L3, 610.74 h
2026-09-14T03:19:35.908Z	info	Sicherung connect gruen: LIVE_197f4d61481686_BN4L3_2026-09-14T05-19_connect.json.gz (626 ms)
2026-09-14T03:19:39.474Z	info	142 Datei(en) ins Spiel uebertragen - 1 aus einem verweigerten Schub ZURUECKGEHALTEN
2026-09-14T03:19:40.423Z	info	142 Watcher-Meldung(en) ohne Inhaltsaenderung - nichts geschoben
2026-09-14T03:20:32.516Z	info	Nach ## Sofort eingetragen: Bruecke ohne Sicherung - Spielstand liegt in Downloads
2026-09-14T03:20:32.997Z	info	Sicherung hourly gruen: LIVE_197f4d61481686_BN4L3_2026-09-14T05-20_hourly.json.gz (542 ms)
2026-09-14T04:16:49.124Z	warn	Spielverbindung getrennt - warte auf neue Verbindung
2026-09-14T14:43:32.478Z	info	Master-Riegel gegen git ls-tree master -- src/ (144 Dateien)
2026-09-14T14:43:32.506Z	info	Anker uebernommen: totalPlaytime 611.61 h
2026-09-14T14:43:32.508Z	info	Beobachte src/ auf Aenderungen
2026-09-14T14:43:35.527Z	info	Spiel verbunden - Verifikation laeuft, es wird noch nichts geschrieben
2026-09-14T14:43:35.743Z	info	Verifiziert in 214 ms: 197f4d61481686 BN4 L3, 622.14 h
2026-09-14T14:43:36.045Z	info	Sicherung connect gruen: LIVE_197f4d61481686_BN4L3_2026-09-14T16-43_connect.json.gz (217 ms)
2026-09-14T14:43:38.657Z	info	142 Datei(en) ins Spiel uebertragen - 1 aus einem verweigerten Schub ZURUECKGEHALTEN
2026-09-14T14:43:39.098Z	info	142 Watcher-Meldung(en) ohne Inhaltsaenderung - nichts geschoben
2026-09-14T14:44:32.687Z	info	Nach ## Sofort eingetragen: Bruecke ohne Sicherung - Spielstand liegt in Downloads
2026-09-14T14:44:32.717Z	info	Handschlag angefragt: install -> pre-install
2026-09-14T14:44:33.511Z	info	Sicherung hourly gruen: LIVE_197f4d61481686_BN4L3_2026-09-14T16-44_hourly.json.gz (841 ms)
2026-09-14T14:44:33.541Z	info	Sicherung pre-install gruen: LIVE_197f4d61481686_BN4L3_2026-09-14T16-44_pre-install.json.gz (726 ms)
2026-09-14T15:15:16.394Z	info	Master-Riegel gegen git ls-tree master -- src/ (144 Dateien)
2026-09-14T15:15:16.424Z	info	Beobachte src/ auf Aenderungen
2026-09-14T15:15:16.421Z	info	Anker uebernommen: totalPlaytime 622.32 h
2026-09-14T15:15:20.822Z	info	Spiel verbunden - Verifikation laeuft, es wird noch nichts geschrieben
2026-09-14T15:15:21.011Z	info	Verifiziert in 187 ms: 197f4d61481686 BN9 L1, 622.67 h
2026-09-14T15:15:21.313Z	info	Sicherung connect gruen: LIVE_197f4d61481686_BN9L1_2026-09-14T17-15_connect.json.gz (213 ms)
2026-09-14T15:15:21.476Z	info	142 Datei(en) ins Spiel uebertragen - 1 aus einem verweigerten Schub ZURUECKGEHALTEN
2026-09-14T15:45:17.269Z	info	Sicherung hourly gruen: LIVE_197f4d61481686_BN9L1_2026-09-14T17-45_hourly.json.gz (414 ms)
2026-09-14T16:39:37.063Z	info	1 Watcher-Meldung(en) ohne Inhaltsaenderung - nichts geschoben
2026-09-14T16:39:37.465Z	info	1 Watcher-Meldung(en) ohne Inhaltsaenderung - nichts geschoben
2026-09-14T16:45:17.549Z	info	Sicherung hourly gruen: LIVE_197f4d61481686_BN9L1_2026-09-14T18-45_hourly.json.gz (219 ms)
2026-09-14T17:45:18.039Z	info	Sicherung hourly gruen: LIVE_197f4d61481686_BN9L1_2026-09-14T19-45_hourly.json.gz (249 ms)
2026-09-15T13:54:48.835Z	info	Master-Riegel gegen git ls-tree master -- src/ (144 Dateien)
2026-09-15T13:54:48.865Z	info	Beobachte src/ auf Aenderungen
2026-09-15T13:54:48.863Z	info	Anker uebernommen: totalPlaytime 625.35 h
2026-09-15T13:55:19.740Z	info	Spiel verbunden - Verifikation laeuft, es wird noch nichts geschrieben
2026-09-15T13:55:20.103Z	info	Verifiziert in 359 ms: 197f4d61481686 BN9 L1, 645.33 h
2026-09-15T13:55:20.489Z	info	Sicherung connect gruen: LIVE_197f4d61481686_BN9L1_2026-09-15T15-55_connect.json.gz (299 ms)
2026-09-15T13:55:23.020Z	info	142 Datei(en) ins Spiel uebertragen - 1 aus einem verweigerten Schub ZURUECKGEHALTEN
2026-09-15T13:55:23.481Z	info	142 Watcher-Meldung(en) ohne Inhaltsaenderung - nichts geschoben
2026-09-15T13:55:49.054Z	info	Nach ## Sofort eingetragen: Bruecke ohne Sicherung - Spielstand liegt in Downloads
2026-09-15T13:55:49.573Z	info	Sicherung hourly gruen: LIVE_197f4d61481686_BN9L1_2026-09-15T15-55_hourly.json.gz (614 ms)
2026-09-15T14:55:50.870Z	info	Sicherung hourly gruen: LIVE_197f4d61481686_BN9L1_2026-09-15T16-55_hourly.json.gz (1341 ms)
2026-09-15T15:55:50.513Z	info	Sicherung hourly gruen: LIVE_197f4d61481686_BN9L1_2026-09-15T17-55_hourly.json.gz (603 ms)
2026-09-15T16:55:50.817Z	info	Sicherung hourly gruen: LIVE_197f4d61481686_BN9L1_2026-09-15T18-55_hourly.json.gz (410 ms)
2026-09-15T17:55:51.150Z	info	Sicherung hourly gruen: LIVE_197f4d61481686_BN9L1_2026-09-15T19-55_hourly.json.gz (344 ms)
2026-09-15T18:55:51.798Z	info	Sicherung hourly gruen: LIVE_197f4d61481686_BN9L1_2026-09-15T20-55_hourly.json.gz (486 ms)
2026-09-15T19:55:52.331Z	info	Sicherung hourly gruen: LIVE_197f4d61481686_BN9L1_2026-09-15T21-55_hourly.json.gz (560 ms)
2026-09-15T20:55:52.733Z	info	Sicherung hourly gruen: LIVE_197f4d61481686_BN9L1_2026-09-15T22-55_hourly.json.gz (572 ms)
2026-09-16T14:05:37.982Z	info	Master-Riegel gegen git ls-tree master -- src/ (144 Dateien)
2026-09-16T14:05:38.014Z	info	Anker uebernommen: totalPlaytime 652.34 h
2026-09-16T14:05:38.016Z	info	Beobachte src/ auf Aenderungen
2026-09-16T14:05:41.165Z	info	Spiel verbunden - Verifikation laeuft, es wird noch nichts geschrieben
2026-09-16T14:05:41.438Z	info	Verifiziert in 271 ms: 197f4d61481686 BN9 L1, 669.51 h
2026-09-16T14:05:41.819Z	info	Sicherung connect gruen: LIVE_197f4d61481686_BN9L1_2026-09-16T16-05_connect.json.gz (276 ms)
2026-09-16T14:05:44.622Z	info	142 Datei(en) ins Spiel uebertragen - 1 aus einem verweigerten Schub ZURUECKGEHALTEN
2026-09-16T14:05:45.079Z	info	142 Watcher-Meldung(en) ohne Inhaltsaenderung - nichts geschoben
2026-09-16T14:06:38.207Z	info	Nach ## Sofort eingetragen: Bruecke ohne Sicherung - Spielstand liegt in Downloads
2026-09-16T14:06:38.260Z	info	Handschlag angefragt: install -> pre-install
2026-09-16T14:06:38.896Z	info	Sicherung hourly gruen: LIVE_197f4d61481686_BN9L1_2026-09-16T16-06_hourly.json.gz (701 ms)
2026-09-16T14:06:38.924Z	info	Sicherung pre-install gruen: LIVE_197f4d61481686_BN9L1_2026-09-16T16-06_pre-install.json.gz (559 ms)
2026-09-16T15:06:39.080Z	info	Sicherung hourly gruen: LIVE_197f4d61481686_BN9L1_2026-09-16T17-06_hourly.json.gz (507 ms)
2026-09-16T16:06:39.682Z	info	Sicherung hourly gruen: LIVE_197f4d61481686_BN9L1_2026-09-16T18-06_hourly.json.gz (677 ms)
2026-09-16T17:06:40.030Z	info	Sicherung hourly gruen: LIVE_197f4d61481686_BN9L1_2026-09-16T19-06_hourly.json.gz (645 ms)
2026-09-16T17:57:32.567Z	warn	Spielverbindung getrennt - warte auf neue Verbindung
2026-09-17T02:51:50.948Z	info	Spiel verbunden - Verifikation laeuft, es wird noch nichts geschrieben
2026-09-17T02:51:51.144Z	info	Nach ## Sofort eingetragen: Spiel-Tab nicht verbunden
2026-09-17T02:51:51.317Z	info	Nach ## Sofort eingetragen: Telemetrie veraltet
2026-09-17T02:51:52.119Z	info	Verifiziert in 1171 ms: 197f4d61481686 BN9 L1, 682.28 h
2026-09-17T02:51:52.818Z	info	Sicherung connect gruen: LIVE_197f4d61481686_BN9L1_2026-09-17T04-51_connect.json.gz (614 ms)
2026-09-17T02:51:56.982Z	info	142 Datei(en) ins Spiel uebertragen - 1 aus einem verweigerten Schub ZURUECKGEHALTEN
2026-09-17T02:51:57.432Z	info	142 Watcher-Meldung(en) ohne Inhaltsaenderung - nichts geschoben
2026-09-17T02:52:45.723Z	info	Nach ## Sofort eingetragen: Bruecke ohne Sicherung - Spielstand liegt in Downloads
2026-09-17T02:52:46.523Z	info	Sicherung hourly gruen: LIVE_197f4d61481686_BN9L1_2026-09-17T04-52_hourly.json.gz (869 ms)
2026-09-17T03:52:47.073Z	info	Sicherung hourly gruen: LIVE_197f4d61481686_BN9L1_2026-09-17T05-52_hourly.json.gz (878 ms)
2026-09-17T13:43:01.051Z	info	Master-Riegel gegen git ls-tree master -- src/ (144 Dateien)
2026-09-17T13:43:01.078Z	info	Anker uebernommen: totalPlaytime 683.29 h
2026-09-17T13:43:01.082Z	info	Beobachte src/ auf Aenderungen
2026-09-17T13:43:03.661Z	info	Spiel verbunden - Verifikation laeuft, es wird noch nichts geschrieben
2026-09-17T13:43:04.014Z	info	Verifiziert in 351 ms: 197f4d61481686 BN9 L1, 693.13 h
2026-09-17T13:43:04.513Z	info	Sicherung connect gruen: LIVE_197f4d61481686_BN9L1_2026-09-17T15-43_connect.json.gz (357 ms)
2026-09-17T13:43:08.585Z	info	142 Datei(en) ins Spiel uebertragen - 1 aus einem verweigerten Schub ZURUECKGEHALTEN
2026-09-17T13:43:08.961Z	info	142 Watcher-Meldung(en) ohne Inhaltsaenderung - nichts geschoben
2026-09-17T13:44:01.304Z	info	Nach ## Sofort eingetragen: Bruecke ohne Sicherung - Spielstand liegt in Downloads
2026-09-17T13:44:01.851Z	info	Sicherung hourly gruen: LIVE_197f4d61481686_BN9L1_2026-09-17T15-44_hourly.json.gz (672 ms)
2026-09-17T14:31:18.587Z	info	Master-Riegel gegen git ls-tree master -- src/ (144 Dateien)
2026-09-17T14:31:18.625Z	info	Anker uebernommen: totalPlaytime 693.31 h
2026-09-17T14:31:18.627Z	info	Beobachte src/ auf Aenderungen
2026-09-17T14:31:23.632Z	info	Spiel verbunden - Verifikation laeuft, es wird noch nichts geschrieben
2026-09-17T14:31:23.938Z	info	Verifiziert in 304 ms: 197f4d61481686 BN9 L1, 693.94 h
2026-09-17T14:31:24.354Z	info	Sicherung connect gruen: LIVE_197f4d61481686_BN9L1_2026-09-17T16-31_connect.json.gz (316 ms)
2026-09-17T14:31:26.172Z	info	142 Datei(en) ins Spiel uebertragen - 1 aus einem verweigerten Schub ZURUECKGEHALTEN
2026-09-17T14:44:19.010Z	info	Sicherung hourly gruen: LIVE_197f4d61481686_BN9L1_2026-09-17T16-44_hourly.json.gz (278 ms)
2026-09-17T15:44:19.202Z	info	Sicherung hourly gruen: LIVE_197f4d61481686_BN9L1_2026-09-17T17-44_hourly.json.gz (385 ms)
2026-09-17T16:24:18.771Z	info	Handschlag angefragt: install -> pre-install
2026-09-17T16:24:19.353Z	info	Sicherung pre-install gruen: LIVE_197f4d61481686_BN9L1_2026-09-17T18-24_pre-install.json.gz (486 ms)
2026-09-17T16:44:19.074Z	info	Sicherung hourly gruen: LIVE_197f4d61481686_BN9L1_2026-09-17T18-44_hourly.json.gz (214 ms)
2026-09-17T17:44:19.121Z	info	Sicherung hourly gruen: LIVE_197f4d61481686_BN9L1_2026-09-17T19-44_hourly.json.gz (245 ms)
2026-09-17T18:04:47.917Z	warn	Spielverbindung getrennt - warte auf neue Verbindung
2026-09-18T02:09:33.711Z	info	Spiel verbunden - Verifikation laeuft, es wird noch nichts geschrieben
2026-09-18T02:09:33.884Z	info	Nach ## Sofort eingetragen: Spiel-Tab nicht verbunden
2026-09-18T02:09:34.092Z	info	Verifiziert in 380 ms: 197f4d61481686 BN9 L1, 705.57 h
2026-09-18T02:09:34.100Z	info	Nach ## Sofort eingetragen: Telemetrie veraltet
2026-09-18T02:09:34.653Z	info	Sicherung connect gruen: LIVE_197f4d61481686_BN9L1_2026-09-18T04-09_connect.json.gz (442 ms)
2026-09-18T02:09:38.547Z	info	142 Datei(en) ins Spiel uebertragen - 1 aus einem verweigerten Schub ZURUECKGEHALTEN
2026-09-18T02:09:39.019Z	info	142 Watcher-Meldung(en) ohne Inhaltsaenderung - nichts geschoben
2026-09-18T02:10:31.225Z	info	Nach ## Sofort eingetragen: Bruecke ohne Sicherung - Spielstand liegt in Downloads
2026-09-18T02:10:31.841Z	info	Sicherung hourly gruen: LIVE_197f4d61481686_BN9L1_2026-09-18T04-10_hourly.json.gz (715 ms)
2026-09-18T03:11:32.916Z	info	Master-Riegel gegen git ls-tree master -- src/ (144 Dateien)
2026-09-18T03:11:32.949Z	info	Beobachte src/ auf Aenderungen
2026-09-18T03:11:32.947Z	info	Anker uebernommen: totalPlaytime 705.76 h
2026-09-18T03:11:32.983Z	info	Spiel verbunden - Verifikation laeuft, es wird noch nichts geschrieben
2026-09-18T03:11:33.342Z	info	Verifiziert in 356 ms: 197f4d61481686 BN9 L1, 706.61 h
2026-09-18T03:11:33.855Z	info	Sicherung connect gruen: LIVE_197f4d61481686_BN9L1_2026-09-18T05-11_connect.json.gz (414 ms)
2026-09-18T03:11:36.374Z	info	142 Datei(en) ins Spiel uebertragen - 1 aus einem verweigerten Schub ZURUECKGEHALTEN
2026-09-18T03:11:36.839Z	info	142 Watcher-Meldung(en) ohne Inhaltsaenderung - nichts geschoben
2026-09-18T03:12:33.879Z	info	Sicherung hourly gruen: LIVE_197f4d61481686_BN9L1_2026-09-18T05-12_hourly.json.gz (836 ms)
2026-09-18T04:12:33.765Z	info	Sicherung hourly gruen: LIVE_197f4d61481686_BN9L1_2026-09-18T06-12_hourly.json.gz (658 ms)
2026-09-18T05:12:33.632Z	info	Sicherung hourly gruen: LIVE_197f4d61481686_BN9L1_2026-09-18T07-12_hourly.json.gz (475 ms)
2026-09-18T06:12:33.705Z	info	Sicherung hourly gruen: LIVE_197f4d61481686_BN9L1_2026-09-18T08-12_hourly.json.gz (490 ms)
2026-09-18T13:49:16.109Z	info	Master-Riegel gegen git ls-tree master -- src/ (144 Dateien)
2026-09-18T13:49:16.152Z	info	Anker uebernommen: totalPlaytime 709.96 h
2026-09-18T13:49:16.158Z	info	Beobachte src/ auf Aenderungen
2026-09-18T13:49:17.633Z	info	Spiel verbunden - Verifikation laeuft, es wird noch nichts geschrieben
2026-09-18T13:49:17.966Z	info	Verifiziert in 329 ms: 197f4d61481686 BN9 L1, 717.24 h
2026-09-18T13:49:18.720Z	info	Sicherung connect gruen: LIVE_197f4d61481686_BN9L1_2026-09-18T15-49_connect.json.gz (610 ms)
2026-09-18T13:49:22.466Z	info	142 Datei(en) ins Spiel uebertragen - 1 aus einem verweigerten Schub ZURUECKGEHALTEN
2026-09-18T13:49:22.946Z	info	142 Watcher-Meldung(en) ohne Inhaltsaenderung - nichts geschoben
2026-09-18T13:50:16.339Z	info	Nach ## Sofort eingetragen: Bruecke ohne Sicherung - Spielstand liegt in Downloads
2026-09-18T13:50:16.773Z	info	Sicherung hourly gruen: LIVE_197f4d61481686_BN9L1_2026-09-18T15-50_hourly.json.gz (521 ms)
2026-09-18T14:50:17.561Z	info	Sicherung hourly gruen: LIVE_197f4d61481686_BN9L1_2026-09-18T16-50_hourly.json.gz (1021 ms)
2026-09-18T15:50:17.496Z	info	Sicherung hourly gruen: LIVE_197f4d61481686_BN9L1_2026-09-18T17-50_hourly.json.gz (406 ms)
2026-09-18T16:50:17.346Z	info	Sicherung hourly gruen: LIVE_197f4d61481686_BN9L1_2026-09-18T18-50_hourly.json.gz (255 ms)
2026-09-18T17:50:17.361Z	info	Sicherung hourly gruen: LIVE_197f4d61481686_BN9L1_2026-09-18T19-50_hourly.json.gz (241 ms)
2026-09-18T18:50:17.421Z	info	Sicherung hourly gruen: LIVE_197f4d61481686_BN9L1_2026-09-18T20-50_hourly.json.gz (257 ms)
2026-09-18T19:50:17.463Z	info	Sicherung hourly gruen: LIVE_197f4d61481686_BN9L1_2026-09-18T21-50_hourly.json.gz (263 ms)
2026-09-18T19:51:17.145Z	info	Handschlag angefragt: install -> pre-install
2026-09-18T19:51:17.451Z	info	Sicherung pre-install gruen: LIVE_197f4d61481686_BN9L1_2026-09-18T21-51_pre-install.json.gz (250 ms)
2026-09-18T20:50:17.495Z	info	Sicherung hourly gruen: LIVE_197f4d61481686_BN9L1_2026-09-18T22-50_hourly.json.gz (241 ms)
2026-09-18T21:50:17.540Z	info	Sicherung hourly gruen: LIVE_197f4d61481686_BN9L1_2026-09-18T23-50_hourly.json.gz (233 ms)
2026-09-18T22:50:17.590Z	info	Sicherung hourly gruen: LIVE_197f4d61481686_BN9L1_2026-09-19T00-50_hourly.json.gz (224 ms)
2026-09-18T23:50:17.657Z	info	Sicherung hourly gruen: LIVE_197f4d61481686_BN9L2_2026-09-19T01-50_hourly.json.gz (220 ms)
2026-09-19T00:39:52.302Z	info	1 Watcher-Meldung(en) ohne Inhaltsaenderung - nichts geschoben
2026-09-19T00:42:30.127Z	info	1 Watcher-Meldung(en) ohne Inhaltsaenderung - nichts geschoben
2026-09-19T00:43:51.473Z	info	1 Watcher-Meldung(en) ohne Inhaltsaenderung - nichts geschoben
2026-09-19T00:44:02.157Z	error	Schub verweigert: 1 von 1 Datei(en) stehen nicht in master und sind nicht freigegeben: hashgym.js
2026-09-19T00:44:02.256Z	info	Nach ## Sofort eingetragen: Schub verweigert (1 nicht in master) - Fehlgriff?
2026-09-19T00:44:33.880Z	info	Eingriff rpc: pushFile data/task.txt (200 im Puffer)
2026-09-19T00:47:17.612Z	info	Eingriff push: hashgym.js (200 im Puffer)
2026-09-19T00:47:17.885Z	info	Sicherung pre-hotswap gruen: LIVE_197f4d61481686_BN9L2_2026-09-19T02-47_pre-hotswap.json.gz (214 ms)
2026-09-19T00:47:17.889Z	info	Nachgeschoben: hashgym.js
2026-09-19T00:47:28.847Z	info	Eingriff rpc: pushFile data/task.txt (200 im Puffer)
2026-09-19T00:50:17.753Z	info	Sicherung hourly gruen: LIVE_197f4d61481686_BN9L2_2026-09-19T02-50_hourly.json.gz (253 ms)
2026-09-19T01:03:57.989Z	warn	Spielverbindung getrennt - warte auf neue Verbindung
2026-09-19T06:47:32.820Z	info	Spiel verbunden - Verifikation laeuft, es wird noch nichts geschrieben
2026-09-19T06:47:33.426Z	info	Nach ## Sofort eingetragen: Spiel-Tab nicht verbunden
2026-09-19T06:47:33.646Z	info	Nach ## Sofort eingetragen: Telemetrie veraltet
2026-09-19T06:47:33.801Z	info	Verifiziert in 981 ms: 197f4d61481686 BN9 L2, 734.21 h
2026-09-19T06:47:34.300Z	info	Sicherung connect gruen: LIVE_197f4d61481686_BN9L2_2026-09-19T08-47_connect.json.gz (391 ms)
2026-09-19T06:47:38.701Z	info	Nachgereicht aus dem unverified-Fenster: 1 Datei(en)
2026-09-19T06:47:38.694Z	info	142 Datei(en) ins Spiel uebertragen - 2 aus einem verweigerten Schub ZURUECKGEHALTEN
2026-09-19T06:47:38.711Z	info	1 Watcher-Meldung(en) ohne Inhaltsaenderung - nichts geschoben
2026-09-19T06:47:39.214Z	info	143 Watcher-Meldung(en) ohne Inhaltsaenderung - nichts geschoben
2026-09-19T06:48:32.286Z	info	Nach ## Sofort eingetragen: Bruecke ohne Sicherung - Spielstand liegt in Downloads
2026-09-19T06:48:32.932Z	info	Sicherung hourly gruen: LIVE_197f4d61481686_BN9L2_2026-09-19T08-48_hourly.json.gz (735 ms)
2026-09-19T07:48:33.057Z	info	Sicherung hourly gruen: LIVE_197f4d61481686_BN9L2_2026-09-19T09-48_hourly.json.gz (839 ms)
2026-09-19T08:25:49.838Z	info	Eingriff rpc: pushFile data/task.txt (200 im Puffer)
2026-09-19T08:48:33.047Z	info	Sicherung hourly gruen: LIVE_197f4d61481686_BN9L2_2026-09-19T10-48_hourly.json.gz (796 ms)
2026-09-19T09:48:32.858Z	info	Sicherung hourly gruen: LIVE_197f4d61481686_BN9L2_2026-09-19T11-48_hourly.json.gz (566 ms)
2026-09-19T10:48:32.775Z	info	Sicherung hourly gruen: LIVE_197f4d61481686_BN9L2_2026-09-19T12-48_hourly.json.gz (456 ms)
2026-09-19T11:48:32.730Z	info	Sicherung hourly gruen: LIVE_197f4d61481686_BN9L2_2026-09-19T13-48_hourly.json.gz (380 ms)
2026-09-19T12:48:32.875Z	info	Sicherung hourly gruen: LIVE_197f4d61481686_BN9L2_2026-09-19T14-48_hourly.json.gz (499 ms)
2026-09-19T13:48:32.943Z	info	Sicherung hourly gruen: LIVE_197f4d61481686_BN9L2_2026-09-19T15-48_hourly.json.gz (536 ms)
2026-09-19T14:00:41.224Z	info	2 Watcher-Meldung(en) ohne Inhaltsaenderung - nichts geschoben
2026-09-19T14:00:41.621Z	info	1 Watcher-Meldung(en) ohne Inhaltsaenderung - nichts geschoben
2026-09-19T14:00:58.238Z	info	2 Watcher-Meldung(en) ohne Inhaltsaenderung - nichts geschoben
2026-09-19T14:01:11.265Z	info	1 Watcher-Meldung(en) ohne Inhaltsaenderung - nichts geschoben
2026-09-19T14:04:36.749Z	info	Eingriff push: bn4net.js, hashes.js (200 im Puffer)
2026-09-19T14:04:37.100Z	info	Sicherung pre-hotswap gruen: LIVE_197f4d61481686_BN9L2_2026-09-19T16-04_pre-hotswap.json.gz (279 ms)
2026-09-19T14:04:37.115Z	info	2 Dateien zusammen nachgeschoben: bn4net.js, hashes.js
2026-09-19T14:05:46.827Z	info	1 Watcher-Meldung(en) ohne Inhaltsaenderung - nichts geschoben
2026-09-19T14:06:24.976Z	info	133 Watcher-Meldung(en) ohne Inhaltsaenderung - nichts geschoben
2026-09-19T14:10:17.035Z	info	Eingriff push: graftplan.json (200 im Puffer)
2026-09-19T14:10:17.037Z	warn	graftplan.json steht in nicht-schieben.txt - NICHT geschoben
2026-09-19T14:18:29.432Z	info	Eingriff push: lib/reg.js, bn4net.js, guard.js, hashes.js (200 im Puffer)
2026-09-19T14:18:29.900Z	info	Sicherung pre-hotswap gruen: LIVE_197f4d61481686_BN9L2_2026-09-19T16-18_pre-hotswap.json.gz (398 ms)
2026-09-19T14:18:29.952Z	info	4 Dateien zusammen nachgeschoben: lib/reg.js, bn4net.js, guard.js, hashes.js
2026-09-19T14:19:52.929Z	info	Eingriff push: hashes.js (200 im Puffer)
2026-09-19T14:19:52.931Z	info	Nachgeschoben: hashes.js
2026-09-19T14:21:06.194Z	info	Eingriff push: hashes.js (200 im Puffer)
2026-09-19T14:21:06.196Z	info	Nachgeschoben: hashes.js
2026-09-19T14:21:13.587Z	info	Eingriff push: hashes.js (200 im Puffer)
2026-09-19T14:21:13.590Z	info	Nachgeschoben: hashes.js
2026-09-19T14:21:19.282Z	info	Eingriff push: hashes.js (200 im Puffer)
2026-09-19T14:21:19.285Z	info	Nachgeschoben: hashes.js
2026-09-19T14:27:23.415Z	info	Eingriff rpc: pushFile data/task.txt (200 im Puffer)
2026-09-19T14:27:28.425Z	info	Eingriff rpc: pushFile data/reload.txt (200 im Puffer)
2026-09-19T14:27:40.446Z	info	Eingriff rpc: pushFile data/task.txt (200 im Puffer)
2026-09-19T14:27:45.464Z	info	Eingriff rpc: pushFile data/reload.txt (200 im Puffer)
2026-09-19T14:27:49.475Z	info	Eingriff rpc: pushFile data/task.txt (200 im Puffer)
2026-09-19T14:48:34.553Z	info	Sicherung hourly gruen: LIVE_197f4d61481686_BN9L2_2026-09-19T16-48_hourly.json.gz (1629 ms)
2026-09-19T15:48:32.971Z	info	Sicherung hourly gruen: LIVE_197f4d61481686_BN9L2_2026-09-19T17-48_hourly.json.gz (256 ms)
2026-09-19T16:48:33.039Z	info	Sicherung hourly gruen: LIVE_197f4d61481686_BN9L2_2026-09-19T18-48_hourly.json.gz (301 ms)
2026-09-19T17:32:58.512Z	warn	Spielverbindung getrennt - warte auf neue Verbindung
2026-09-20T01:05:36.753Z	info	Spiel verbunden - Verifikation laeuft, es wird noch nichts geschrieben
2026-09-20T01:05:37.466Z	info	Nach ## Sofort eingetragen: Spiel-Tab nicht verbunden
2026-09-20T01:05:37.949Z	info	Nach ## Sofort eingetragen: Telemetrie veraltet
2026-09-20T01:05:38.289Z	info	Verifiziert in 1534 ms: 197f4d61481686 BN9 L2, 752.51 h
2026-09-20T01:05:39.191Z	info	Sicherung connect gruen: LIVE_197f4d61481686_BN9L2_2026-09-20T03-05_connect.json.gz (769 ms)
2026-09-20T01:05:46.824Z	info	143 Datei(en) ins Spiel uebertragen - 1 aus einem verweigerten Schub ZURUECKGEHALTEN
2026-09-20T01:05:49.373Z	info	143 Watcher-Meldung(en) ohne Inhaltsaenderung - nichts geschoben
2026-09-20T01:06:34.718Z	info	Nach ## Sofort eingetragen: Bruecke ohne Sicherung - Spielstand liegt in Downloads
2026-09-20T01:06:35.578Z	info	Sicherung hourly gruen: LIVE_197f4d61481686_BN9L2_2026-09-20T03-06_hourly.json.gz (967 ms)
2026-09-20T01:20:47.105Z	warn	Spielverbindung getrennt - warte auf neue Verbindung
2026-09-20T04:06:59.353Z	info	Spiel verbunden - Verifikation laeuft, es wird noch nichts geschrieben
2026-09-20T04:07:00.526Z	info	Verifiziert in 1173 ms: 197f4d61481686 BN9 L2, 755.53 h
2026-09-20T04:07:01.258Z	info	Sicherung connect gruen: LIVE_197f4d61481686_BN9L2_2026-09-20T06-07_connect.json.gz (647 ms)
2026-09-20T04:07:01.950Z	info	143 Datei(en) ins Spiel uebertragen - 1 aus einem verweigerten Schub ZURUECKGEHALTEN
2026-09-20T04:07:02.397Z	info	143 Watcher-Meldung(en) ohne Inhaltsaenderung - nichts geschoben
2026-09-20T04:07:59.291Z	info	Sicherung hourly gruen: LIVE_197f4d61481686_BN9L2_2026-09-20T06-07_hourly.json.gz (1240 ms)
2026-09-20T05:07:58.736Z	info	Sicherung hourly gruen: LIVE_197f4d61481686_BN9L2_2026-09-20T07-07_hourly.json.gz (641 ms)
2026-09-20T06:07:58.828Z	info	Sicherung hourly gruen: LIVE_197f4d61481686_BN9L2_2026-09-20T08-07_hourly.json.gz (665 ms)
2026-09-20T07:07:58.940Z	info	Sicherung hourly gruen: LIVE_197f4d61481686_BN9L2_2026-09-20T09-07_hourly.json.gz (676 ms)
2026-09-20T08:07:58.823Z	info	Sicherung hourly gruen: LIVE_197f4d61481686_BN9L2_2026-09-20T10-07_hourly.json.gz (492 ms)
2026-09-20T08:29:58.287Z	info	Handschlag angefragt: install -> pre-install
2026-09-20T08:29:58.780Z	info	Sicherung pre-install gruen: LIVE_197f4d61481686_BN9L2_2026-09-20T10-29_pre-install.json.gz (411 ms)
2026-09-20T09:07:58.713Z	info	Sicherung hourly gruen: LIVE_197f4d61481686_BN9L2_2026-09-20T11-07_hourly.json.gz (332 ms)
2026-09-20T10:07:58.772Z	info	Sicherung hourly gruen: LIVE_197f4d61481686_BN9L2_2026-09-20T12-07_hourly.json.gz (319 ms)
2026-09-20T11:07:58.872Z	info	Sicherung hourly gruen: LIVE_197f4d61481686_BN9L2_2026-09-20T13-07_hourly.json.gz (341 ms)
2026-09-20T12:07:58.879Z	info	Sicherung hourly gruen: LIVE_197f4d61481686_BN9L2_2026-09-20T14-07_hourly.json.gz (259 ms)
2026-09-20T13:07:59.309Z	info	Sicherung hourly gruen: LIVE_197f4d61481686_BN9L2_2026-09-20T15-07_hourly.json.gz (531 ms)
2026-09-20T14:07:59.414Z	info	Sicherung hourly gruen: LIVE_197f4d61481686_BN9L2_2026-09-20T16-07_hourly.json.gz (571 ms)
2026-09-20T15:07:59.417Z	info	Sicherung hourly gruen: LIVE_197f4d61481686_BN9L2_2026-09-20T17-07_hourly.json.gz (524 ms)
2026-09-20T16:07:59.507Z	info	Sicherung hourly gruen: LIVE_197f4d61481686_BN9L2_2026-09-20T18-07_hourly.json.gz (306 ms)
2026-09-20T17:07:59.557Z	info	Sicherung hourly gruen: LIVE_197f4d61481686_BN9L2_2026-09-20T19-07_hourly.json.gz (269 ms)
2026-09-20T18:07:59.689Z	info	Sicherung hourly gruen: LIVE_197f4d61481686_BN9L2_2026-09-20T20-07_hourly.json.gz (349 ms)
2026-09-20T18:32:30.515Z	warn	Spielverbindung getrennt - warte auf neue Verbindung
2026-09-21T04:11:02.821Z	info	Spiel verbunden - Verifikation laeuft, es wird noch nichts geschrieben
2026-09-21T04:11:04.233Z	info	Nach ## Sofort eingetragen: Spiel-Tab nicht verbunden
2026-09-21T04:11:04.342Z	info	Verifiziert in 1521 ms: 197f4d61481686 BN9 L2, 779.60 h
2026-09-21T04:11:04.660Z	info	Nach ## Sofort eingetragen: Telemetrie veraltet
2026-09-21T04:11:04.925Z	info	Sicherung connect gruen: LIVE_197f4d61481686_BN9L2_2026-09-21T06-11_connect.json.gz (439 ms)
2026-09-21T04:11:09.126Z	info	143 Datei(en) ins Spiel uebertragen - 1 aus einem verweigerten Schub ZURUECKGEHALTEN
2026-09-21T04:11:09.633Z	info	143 Watcher-Meldung(en) ohne Inhaltsaenderung - nichts geschoben
2026-09-21T04:12:02.798Z	info	Nach ## Sofort eingetragen: Bruecke ohne Sicherung - Spielstand liegt in Downloads
2026-09-21T04:12:03.010Z	info	Sicherung hourly gruen: LIVE_197f4d61481686_BN9L2_2026-09-21T06-12_hourly.json.gz (240 ms)
2026-09-21T05:12:03.141Z	info	Sicherung hourly gruen: LIVE_197f4d61481686_BN9L2_2026-09-21T07-12_hourly.json.gz (258 ms)
2026-09-21T06:12:03.270Z	info	Sicherung hourly gruen: LIVE_197f4d61481686_BN9L2_2026-09-21T08-12_hourly.json.gz (265 ms)
2026-09-21T06:43:53.467Z	warn	Spielverbindung getrennt - warte auf neue Verbindung
2026-09-21T08:13:05.097Z	info	Spiel verbunden - Verifikation laeuft, es wird noch nichts geschrieben
2026-09-21T08:13:06.766Z	info	Verifiziert in 1667 ms: 197f4d61481686 BN9 L2, 783.63 h
2026-09-21T08:13:07.375Z	info	Sicherung connect gruen: LIVE_197f4d61481686_BN9L2_2026-09-21T10-13_connect.json.gz (473 ms)
2026-09-21T08:13:12.498Z	info	143 Datei(en) ins Spiel uebertragen - 1 aus einem verweigerten Schub ZURUECKGEHALTEN
2026-09-21T08:13:14.087Z	info	143 Watcher-Meldung(en) ohne Inhaltsaenderung - nichts geschoben
2026-09-21T08:14:05.389Z	info	Sicherung hourly gruen: LIVE_197f4d61481686_BN9L2_2026-09-21T10-14_hourly.json.gz (1156 ms)
2026-09-21T09:14:04.827Z	info	Sicherung hourly gruen: LIVE_197f4d61481686_BN9L2_2026-09-21T11-14_hourly.json.gz (605 ms)
2026-09-21T10:14:04.906Z	info	Sicherung hourly gruen: LIVE_197f4d61481686_BN9L2_2026-09-21T12-14_hourly.json.gz (623 ms)
2026-09-21T11:14:04.910Z	info	Sicherung hourly gruen: LIVE_197f4d61481686_BN9L2_2026-09-21T13-14_hourly.json.gz (571 ms)
2026-09-21T12:14:04.757Z	info	Sicherung hourly gruen: LIVE_197f4d61481686_BN9L2_2026-09-21T14-14_hourly.json.gz (338 ms)
2026-09-21T13:14:05.034Z	info	Sicherung hourly gruen: LIVE_197f4d61481686_BN9L2_2026-09-21T15-14_hourly.json.gz (542 ms)
2026-09-21T14:14:05.235Z	info	Sicherung hourly gruen: LIVE_197f4d61481686_BN9L2_2026-09-21T16-14_hourly.json.gz (641 ms)
2026-09-21T15:14:05.184Z	info	Sicherung hourly gruen: LIVE_197f4d61481686_BN9L2_2026-09-21T17-14_hourly.json.gz (554 ms)
2026-09-21T15:25:04.727Z	info	Handschlag angefragt: install -> pre-install
2026-09-21T15:25:05.240Z	info	Sicherung pre-install gruen: LIVE_197f4d61481686_BN9L2_2026-09-21T17-25_pre-install.json.gz (452 ms)
2026-09-21T16:14:05.031Z	info	Sicherung hourly gruen: LIVE_197f4d61481686_BN9L2_2026-09-21T18-14_hourly.json.gz (338 ms)
2026-09-21T17:14:05.129Z	info	Sicherung hourly gruen: LIVE_197f4d61481686_BN9L2_2026-09-21T19-14_hourly.json.gz (375 ms)
2026-09-21T18:14:05.157Z	info	Sicherung hourly gruen: LIVE_197f4d61481686_BN9L2_2026-09-21T20-14_hourly.json.gz (304 ms)
2026-09-21T19:14:05.208Z	info	Sicherung hourly gruen: LIVE_197f4d61481686_BN9L2_2026-09-21T21-14_hourly.json.gz (291 ms)
2026-09-21T20:14:05.269Z	info	Sicherung hourly gruen: LIVE_197f4d61481686_BN9L2_2026-09-21T22-14_hourly.json.gz (273 ms)
2026-09-21T21:14:06.430Z	info	Sicherung hourly gruen: LIVE_197f4d61481686_BN9L2_2026-09-21T23-14_hourly.json.gz (1211 ms)
2026-09-21T22:14:05.402Z	info	Sicherung hourly gruen: LIVE_197f4d61481686_BN9L2_2026-09-22T00-14_hourly.json.gz (254 ms)
2026-09-21T23:14:05.525Z	info	Sicherung hourly gruen: LIVE_197f4d61481686_BN9L2_2026-09-22T01-14_hourly.json.gz (295 ms)
2026-09-22T00:14:05.415Z	info	Handschlag angefragt: install -> pre-install
2026-09-22T00:14:06.784Z	info	Sicherung hourly gruen: LIVE_197f4d61481686_BN9L2_2026-09-22T02-14_hourly.json.gz (1204 ms)
2026-09-22T00:14:06.857Z	info	Sicherung pre-install gruen: LIVE_197f4d61481686_BN9L2_2026-09-22T02-14_pre-install.json.gz (1213 ms)
2026-09-22T00:39:43.611Z	warn	Spielverbindung getrennt - warte auf neue Verbindung
2026-09-22T05:49:49.128Z	info	Spiel verbunden - Verifikation laeuft, es wird noch nichts geschrieben
2026-09-22T05:49:49.878Z	info	Nach ## Sofort eingetragen: Spiel-Tab nicht verbunden
2026-09-22T05:49:50.183Z	info	Nach ## Sofort eingetragen: Telemetrie veraltet
2026-09-22T05:49:50.839Z	info	Verifiziert in 1711 ms: 197f4d61481686 BN9 L2, 805.24 h
2026-09-22T05:49:51.494Z	info	Sicherung connect gruen: LIVE_197f4d61481686_BN9L2_2026-09-22T07-49_connect.json.gz (527 ms)
2026-09-22T05:49:56.723Z	info	143 Datei(en) ins Spiel uebertragen - 1 aus einem verweigerten Schub ZURUECKGEHALTEN
2026-09-22T05:49:59.494Z	info	143 Watcher-Meldung(en) ohne Inhaltsaenderung - nichts geschoben
2026-09-22T05:50:48.377Z	info	Nach ## Sofort eingetragen: Bruecke ohne Sicherung - Spielstand liegt in Downloads
2026-09-22T05:50:48.948Z	info	Sicherung hourly gruen: LIVE_197f4d61481686_BN9L2_2026-09-22T07-50_hourly.json.gz (657 ms)
2026-09-22T06:50:49.349Z	info	Sicherung hourly gruen: LIVE_197f4d61481686_BN9L2_2026-09-22T08-50_hourly.json.gz (966 ms)
2026-09-22T07:50:49.130Z	info	Sicherung hourly gruen: LIVE_197f4d61481686_BN9L2_2026-09-22T09-50_hourly.json.gz (714 ms)
2026-09-22T07:50:57.415Z	info	1 Watcher-Meldung(en) ohne Inhaltsaenderung - nichts geschoben
2026-09-22T07:53:40.286Z	info	1 Watcher-Meldung(en) ohne Inhaltsaenderung - nichts geschoben
2026-09-22T07:54:44.776Z	info	1 Watcher-Meldung(en) ohne Inhaltsaenderung - nichts geschoben
2026-09-22T07:56:14.087Z	info	Eingriff push: graftplan.json (200 im Puffer)
2026-09-22T07:56:14.385Z	info	Sicherung pre-hotswap gruen: LIVE_197f4d61481686_BN9L2_2026-09-22T09-56_pre-hotswap.json.gz (237 ms)
2026-09-22T07:56:14.387Z	warn	graftplan.json steht in nicht-schieben.txt - NICHT geschoben
2026-09-22T07:56:33.494Z	info	Eingriff push: lib/handschlag.js (200 im Puffer)
2026-09-22T07:56:33.496Z	info	Nachgeschoben: lib/handschlag.js
2026-09-22T07:57:17.417Z	info	Eingriff push: ausgang.js (200 im Puffer)
2026-09-22T07:57:17.421Z	info	Nachgeschoben: ausgang.js
2026-09-22T08:08:12.786Z	info	Eingriff rpc: pushFile data/backup-request.txt (200 im Puffer)
2026-09-22T08:08:48.497Z	info	Handschlag angefragt: jump -> pre-jump
2026-09-22T08:08:48.860Z	error	ALARM Sicherung abgelehnt (pre-jump): queuedAugmentations 2 bei Anlass pre-jump - gekaufte, nicht eingebaute Augs verfallen beim Sprung
2026-09-22T08:09:46.132Z	info	1 Watcher-Meldung(en) ohne Inhaltsaenderung - nichts geschoben
2026-09-22T08:09:48.534Z	info	Handschlag angefragt: jump -> pre-jump
2026-09-22T08:09:48.937Z	error	ALARM Sicherung abgelehnt (pre-jump): queuedAugmentations 2 bei Anlass pre-jump - gekaufte, nicht eingebaute Augs verfallen beim Sprung
2026-09-22T08:10:48.686Z	info	Handschlag angefragt: jump -> pre-jump
2026-09-22T08:10:49.287Z	error	ALARM Sicherung abgelehnt (pre-jump): queuedAugmentations 2 bei Anlass pre-jump - gekaufte, nicht eingebaute Augs verfallen beim Sprung
2026-09-22T08:11:29.668Z	info	Eingriff push: lib/handschlag.js (200 im Puffer)
2026-09-22T08:11:30.147Z	info	Sicherung pre-hotswap gruen: LIVE_197f4d61481686_BN9L2_2026-09-22T10-11_pre-hotswap.json.gz (383 ms)
2026-09-22T08:11:30.151Z	info	Nachgeschoben: lib/handschlag.js
2026-09-22T08:11:48.526Z	info	Handschlag angefragt: jump -> pre-jump
2026-09-22T08:11:49.012Z	error	ALARM Sicherung abgelehnt (pre-jump): queuedAugmentations 2 bei Anlass pre-jump - gekaufte, nicht eingebaute Augs verfallen beim Sprung
2026-09-22T08:12:05.354Z	info	Eingriff push: lib/handschlag.js, ausgang.js (200 im Puffer)
2026-09-22T08:12:05.386Z	info	2 Dateien zusammen nachgeschoben: lib/handschlag.js, ausgang.js
2026-09-22T08:12:48.533Z	info	Handschlag angefragt: jump -> pre-jump
2026-09-22T08:12:49.018Z	error	ALARM Sicherung abgelehnt (pre-jump): queuedAugmentations 2 bei Anlass pre-jump - gekaufte, nicht eingebaute Augs verfallen beim Sprung
2026-09-22T08:13:31.220Z	info	Eingriff rpc: deleteFile data/backup-request.txt (200 im Puffer)
2026-09-22T08:14:03.030Z	info	Eingriff push: ausgang.js (200 im Puffer)
2026-09-22T08:14:03.034Z	info	Nachgeschoben: ausgang.js
2026-09-22T08:19:24.996Z	info	Eingriff rpc: pushFile data/backup-request.txt (200 im Puffer)
2026-09-22T08:19:48.598Z	info	Handschlag angefragt: install -> pre-install
2026-09-22T08:19:49.220Z	info	Sicherung pre-install gruen: LIVE_197f4d61481686_BN9L2_2026-09-22T10-19_pre-install.json.gz (466 ms)
2026-09-22T08:20:06.991Z	info	Eingriff rpc: deleteFile data/backup-request.txt (200 im Puffer)
2026-09-22T08:20:07.193Z	info	Eingriff rpc: pushFile data/task.txt (200 im Puffer)
2026-09-22T08:23:24.028Z	info	Eingriff rpc: pushFile data/task.txt (200 im Puffer)
2026-09-22T08:50:48.913Z	info	Sicherung hourly gruen: LIVE_197f4d61481686_BN9L2_2026-09-22T10-50_hourly.json.gz (458 ms)
2026-09-22T08:51:15.414Z	info	Eingriff rpc: pushFile data/task.txt (200 im Puffer)
2026-09-22T08:51:48.459Z	info	Handschlag angefragt: jump -> pre-jump
2026-09-22T08:51:48.780Z	info	Sicherung pre-jump gruen: LIVE_197f4d61481686_BN9L2_2026-09-22T10-51_pre-jump.json.gz (253 ms)
2026-09-22T08:56:06.664Z	info	1 Watcher-Meldung(en) ohne Inhaltsaenderung - nichts geschoben
2026-09-22T08:56:20.316Z	info	4 Watcher-Meldung(en) ohne Inhaltsaenderung - nichts geschoben
2026-09-22T08:56:53.831Z	info	111 Watcher-Meldung(en) ohne Inhaltsaenderung - nichts geschoben
2026-09-22T08:57:06.772Z	info	17 Watcher-Meldung(en) ohne Inhaltsaenderung - nichts geschoben
2026-09-22T08:57:54.805Z	info	Eingriff push: autopilot.js (200 im Puffer)
2026-09-22T08:57:55.181Z	info	Sicherung pre-hotswap gruen: LIVE_197f4d61481686_BN9L3_2026-09-22T10-57_pre-hotswap.json.gz (294 ms)
2026-09-22T08:57:55.197Z	info	Nachgeschoben: autopilot.js
2026-09-22T08:58:29.817Z	info	Eingriff push: graftplan.json (200 im Puffer)
2026-09-22T08:58:29.821Z	warn	graftplan.json steht in nicht-schieben.txt - NICHT geschoben
2026-09-22T09:00:39.544Z	error	Schub verweigert: 1 von 1 Datei(en) stehen nicht in master und sind nicht freigegeben: zz-alt-autopilot.js
2026-09-22T09:00:39.622Z	info	Nach ## Sofort eingetragen: Schub verweigert (1 nicht in master) - Fehlgriff?
2026-09-22T09:01:23.757Z	info	Eingriff push: autopilot.js (200 im Puffer)
2026-09-22T09:01:23.762Z	info	Nachgeschoben: autopilot.js
2026-09-22T09:01:26.922Z	info	Eingriff push: autopilot.js (200 im Puffer)
2026-09-22T09:01:26.930Z	info	Nachgeschoben: autopilot.js
2026-09-22T09:06:12.984Z	info	Eingriff push: autopilot.js (200 im Puffer)
2026-09-22T09:06:12.989Z	info	Nachgeschoben: autopilot.js
2026-09-22T09:06:33.293Z	info	Eingriff push: autopilot.js (200 im Puffer)
2026-09-22T09:06:33.297Z	info	Nachgeschoben: autopilot.js
2026-09-22T09:50:49.128Z	info	Sicherung hourly gruen: LIVE_197f4d61481686_BN9L3_2026-09-22T11-50_hourly.json.gz (637 ms)
2026-09-22T10:40:46.578Z	info	1 Watcher-Meldung(en) ohne Inhaltsaenderung - nichts geschoben (1 noch zurueckgestellt)
2026-09-22T10:40:46.981Z	info	1 Watcher-Meldung(en) ohne Inhaltsaenderung - nichts geschoben (1 noch zurueckgestellt)
2026-09-22T10:41:50.851Z	info	14 Watcher-Meldung(en) ohne Inhaltsaenderung - nichts geschoben (1 noch zurueckgestellt)
2026-09-22T10:41:51.256Z	info	13 Watcher-Meldung(en) ohne Inhaltsaenderung - nichts geschoben (1 noch zurueckgestellt)
2026-09-22T10:42:15.571Z	info	Eingriff rpc: pushFile data/task.txt (200 im Puffer)
2026-09-22T10:45:21.225Z	info	1 Watcher-Meldung(en) ohne Inhaltsaenderung - nichts geschoben (1 noch zurueckgestellt)
2026-09-22T10:45:38.224Z	info	Eingriff rpc: pushFile data/task.txt (200 im Puffer)
2026-09-22T10:47:45.563Z	info	Eingriff rpc: pushFile data/task.txt (200 im Puffer)
2026-09-22T10:50:49.189Z	info	Sicherung hourly gruen: LIVE_197f4d61481686_BN9L3_2026-09-22T12-50_hourly.json.gz (659 ms)
2026-09-22T10:51:48.048Z	info	Eingriff rpc: pushFile lib/calc.js (200 im Puffer)
2026-09-22T10:51:48.065Z	info	Eingriff rpc: pushFile lib/batch.js (200 im Puffer)
2026-09-22T10:51:48.185Z	info	2 Watcher-Meldung(en) ohne Inhaltsaenderung - nichts geschoben (1 noch zurueckgestellt)
2026-09-22T10:52:00.187Z	info	Eingriff rpc: pushFile data/task.txt (200 im Puffer)
2026-09-22T11:49:50.519Z	info	1 Watcher-Meldung(en) ohne Inhaltsaenderung - nichts geschoben (1 noch zurueckgestellt)
2026-09-22T11:50:06.640Z	info	18 Watcher-Meldung(en) ohne Inhaltsaenderung - nichts geschoben (1 noch zurueckgestellt)
2026-09-22T11:50:22.475Z	info	1 Watcher-Meldung(en) ohne Inhaltsaenderung - nichts geschoben (1 noch zurueckgestellt)
2026-09-22T11:50:49.368Z	info	Sicherung hourly gruen: LIVE_197f4d61481686_BN9L3_2026-09-22T13-50_hourly.json.gz (808 ms)
2026-09-22T11:51:14.409Z	info	Eingriff push: bn4life.js (200 im Puffer)
2026-09-22T11:51:15.103Z	info	Sicherung pre-hotswap gruen: LIVE_197f4d61481686_BN9L3_2026-09-22T13-51_pre-hotswap.json.gz (523 ms)
2026-09-22T11:51:15.109Z	info	Nachgeschoben: bn4life.js
2026-09-22T11:51:59.429Z	info	2 Watcher-Meldung(en) ohne Inhaltsaenderung - nichts geschoben (1 noch zurueckgestellt)
2026-09-22T11:52:06.971Z	info	1 Watcher-Meldung(en) ohne Inhaltsaenderung - nichts geschoben (1 noch zurueckgestellt)
2026-09-22T11:52:47.857Z	info	Eingriff push: scan.js, xp.js, bn4start.js (200 im Puffer)
2026-09-22T11:52:47.861Z	info	3 Dateien zusammen nachgeschoben: scan.js, xp.js, bn4start.js
2026-09-22T11:52:48.285Z	info	1 Watcher-Meldung(en) ohne Inhaltsaenderung - nichts geschoben (1 noch zurueckgestellt)
2026-09-22T11:53:01.267Z	info	1 Watcher-Meldung(en) ohne Inhaltsaenderung - nichts geschoben (1 noch zurueckgestellt)
2026-09-22T11:53:32.498Z	info	Eingriff push: ausgang.js (200 im Puffer)
2026-09-22T11:53:32.503Z	info	Nachgeschoben: ausgang.js
2026-09-22T11:53:33.222Z	info	Eingriff push: graftplan.json (200 im Puffer)
2026-09-22T11:53:33.223Z	warn	graftplan.json steht in nicht-schieben.txt - NICHT geschoben
2026-09-22T11:57:30.455Z	info	Eingriff push: lib/handschlag.js (200 im Puffer)
2026-09-22T11:57:30.458Z	info	Nachgeschoben: lib/handschlag.js
2026-09-22T11:57:45.988Z	info	Eingriff push: lib/handschlag.js (200 im Puffer)
2026-09-22T11:57:45.991Z	info	Nachgeschoben: lib/handschlag.js
2026-09-22T12:12:09.429Z	info	Eingriff push: ausgang.js (200 im Puffer)
2026-09-22T12:12:09.939Z	info	Sicherung pre-hotswap gruen: LIVE_197f4d61481686_BN9L3_2026-09-22T14-12_pre-hotswap.json.gz (422 ms)
2026-09-22T12:12:09.943Z	info	Nachgeschoben: ausgang.js
2026-09-22T12:19:31.577Z	info	Eingriff push: lib/handschlag.js (200 im Puffer)
2026-09-22T12:19:31.582Z	info	Nachgeschoben: lib/handschlag.js
2026-09-22T12:19:41.980Z	info	Eingriff push: lib/handschlag.js (200 im Puffer)
2026-09-22T12:19:41.982Z	info	Nachgeschoben: lib/handschlag.js
2026-09-22T12:20:23.408Z	info	Eingriff push: bn4life.js (200 im Puffer)
2026-09-22T12:20:23.412Z	info	Nachgeschoben: bn4life.js
2026-09-22T12:21:06.050Z	info	Eingriff push: ausgang.js (200 im Puffer)
2026-09-22T12:21:06.053Z	info	Nachgeschoben: ausgang.js
2026-09-22T12:21:24.296Z	info	Eingriff push: xp.js (200 im Puffer)
2026-09-22T12:21:24.298Z	info	Nachgeschoben: xp.js
2026-09-22T12:21:58.832Z	info	Eingriff push: autopilot.js, xp.js, bn4start.js, bn4life.js (200 im Puffer)
2026-09-22T12:21:58.841Z	info	4 Dateien zusammen nachgeschoben: autopilot.js, xp.js, bn4start.js, bn4life.js
2026-09-22T12:22:12.496Z	info	Eingriff push: xp.js, scan.js (200 im Puffer)
2026-09-22T12:22:12.986Z	info	Sicherung pre-hotswap gruen: LIVE_197f4d61481686_BN9L3_2026-09-22T14-22_pre-hotswap.json.gz (403 ms)
2026-09-22T12:22:13.004Z	info	2 Dateien zusammen nachgeschoben: xp.js, scan.js
2026-09-22T12:31:53.421Z	info	Eingriff push: bn4rep.js (200 im Puffer)
2026-09-22T12:31:53.425Z	info	Nachgeschoben: bn4rep.js
2026-09-22T12:50:49.343Z	info	Sicherung hourly gruen: LIVE_197f4d61481686_BN9L3_2026-09-22T14-50_hourly.json.gz (753 ms)
2026-09-22T13:50:49.489Z	info	Sicherung hourly gruen: LIVE_197f4d61481686_BN9L3_2026-09-22T15-50_hourly.json.gz (848 ms)
2026-09-22T14:21:48.565Z	info	Handschlag angefragt: install -> pre-install
2026-09-22T14:21:49.194Z	info	Sicherung pre-install gruen: LIVE_197f4d61481686_BN9L3_2026-09-22T16-21_pre-install.json.gz (553 ms)
2026-09-22T14:50:49.279Z	info	Sicherung hourly gruen: LIVE_197f4d61481686_BN9L3_2026-09-22T16-50_hourly.json.gz (637 ms)
2026-09-22T15:50:49.316Z	info	Sicherung hourly gruen: LIVE_197f4d61481686_BN9L3_2026-09-22T17-50_hourly.json.gz (637 ms)
2026-09-22T16:22:12.474Z	info	5 Watcher-Meldung(en) ohne Inhaltsaenderung - nichts geschoben (1 noch zurueckgestellt)
2026-09-22T16:23:18.660Z	info	1 Watcher-Meldung(en) ohne Inhaltsaenderung - nichts geschoben (1 noch zurueckgestellt)
2026-09-22T16:23:34.400Z	info	1 Watcher-Meldung(en) ohne Inhaltsaenderung - nichts geschoben (1 noch zurueckgestellt)
2026-09-22T16:23:50.343Z	info	1 Watcher-Meldung(en) ohne Inhaltsaenderung - nichts geschoben (1 noch zurueckgestellt)
2026-09-22T16:24:07.015Z	info	Eingriff push: graftplan.json (200 im Puffer)
2026-09-22T16:24:07.369Z	info	Sicherung pre-hotswap gruen: LIVE_197f4d61481686_BN9L3_2026-09-22T18-24_pre-hotswap.json.gz (274 ms)
2026-09-22T16:24:07.370Z	warn	graftplan.json steht in nicht-schieben.txt - NICHT geschoben
2026-09-22T16:25:41.987Z	info	Eingriff push: blade.js, bn4net.js, lib/leiter.js (200 im Puffer)
2026-09-22T16:25:41.999Z	info	3 Dateien zusammen nachgeschoben: blade.js, bn4net.js, lib/leiter.js
2026-09-22T16:34:20.679Z	info	Eingriff push: blade.js, bn4net.js, lib/leiter.js (200 im Puffer)
2026-09-22T16:34:21.426Z	info	Sicherung pre-hotswap gruen: LIVE_197f4d61481686_BN9L3_2026-09-22T18-34_pre-hotswap.json.gz (596 ms)
2026-09-22T16:34:21.452Z	info	3 Dateien zusammen nachgeschoben: blade.js, bn4net.js, lib/leiter.js
2026-09-22T16:34:24.451Z	info	Eingriff push: blade.js, bn4net.js, lib/leiter.js (200 im Puffer)
2026-09-22T16:34:24.465Z	info	3 Dateien zusammen nachgeschoben: blade.js, bn4net.js, lib/leiter.js
2026-09-22T16:43:23.455Z	info	Eingriff push: lib/leiter.js (200 im Puffer)
2026-09-22T16:43:23.459Z	info	Nachgeschoben: lib/leiter.js
2026-09-22T16:43:44.294Z	info	Eingriff push: blade.js (200 im Puffer)
2026-09-22T16:43:44.305Z	info	Nachgeschoben: blade.js
2026-09-22T16:44:18.846Z	info	Eingriff push: bn4net.js (200 im Puffer)
2026-09-22T16:44:18.853Z	info	Nachgeschoben: bn4net.js
2026-09-22T16:44:59.548Z	info	Eingriff push: guard.js (200 im Puffer)
2026-09-22T16:44:59.949Z	info	Sicherung pre-hotswap gruen: LIVE_197f4d61481686_BN9L3_2026-09-22T18-44_pre-hotswap.json.gz (321 ms)
2026-09-22T16:44:59.953Z	info	Nachgeschoben: guard.js
2026-09-22T16:45:18.843Z	info	Eingriff push: guard.js (200 im Puffer)
2026-09-22T16:45:18.847Z	info	Nachgeschoben: guard.js
2026-09-22T16:45:28.453Z	info	Eingriff push: guard.js (200 im Puffer)
2026-09-22T16:45:28.458Z	info	Nachgeschoben: guard.js
2026-09-22T16:50:49.298Z	info	Sicherung hourly gruen: LIVE_197f4d61481686_BN9L3_2026-09-22T18-50_hourly.json.gz (434 ms)
2026-09-22T16:52:10.859Z	info	Eingriff push: blade.js, bn4net.js, guard.js (200 im Puffer)
2026-09-22T16:52:10.879Z	info	3 Dateien zusammen nachgeschoben: blade.js, bn4net.js, guard.js
2026-09-22T16:54:16.723Z	info	Eingriff push: blade.js, bn4net.js, guard.js (200 im Puffer)
2026-09-22T16:54:16.745Z	info	3 Dateien zusammen nachgeschoben: blade.js, bn4net.js, guard.js
2026-09-22T17:12:31.580Z	info	Master-Riegel gegen git ls-tree master -- src/ (145 Dateien)
2026-09-22T17:12:31.620Z	info	Anker uebernommen: totalPlaytime 816.43 h
2026-09-22T17:12:31.621Z	info	Beobachte src/ auf Aenderungen
2026-09-22T17:12:37.667Z	info	Spiel verbunden - Verifikation laeuft, es wird noch nichts geschrieben
2026-09-22T17:12:38.123Z	info	Verifiziert in 455 ms: 197f4d61481686 BN9 L3, 816.63 h
2026-09-22T17:12:38.869Z	info	Sicherung connect gruen: LIVE_197f4d61481686_BN9L3_2026-09-22T19-12_connect.json.gz (504 ms)
2026-09-22T17:12:48.134Z	info	143 Datei(en) ins Spiel uebertragen - 1 aus einem verweigerten Schub ZURUECKGEHALTEN
2026-09-22T17:13:54.064Z	info	Eingriff rpc: pushFile data/task.txt (200 im Puffer)
2026-09-22T17:13:59.097Z	info	Eingriff rpc: pushFile data/reload.txt (200 im Puffer)
2026-09-22T17:14:11.142Z	info	Eingriff rpc: pushFile data/task.txt (200 im Puffer)
2026-09-22T17:14:16.162Z	info	Eingriff rpc: pushFile data/reload.txt (200 im Puffer)
2026-09-22T17:14:20.190Z	info	Eingriff rpc: pushFile data/task.txt (200 im Puffer)
2026-09-22T17:14:33.530Z	info	Eingriff rpc: pushFile data/task.txt (200 im Puffer)
2026-09-22T17:15:26.455Z	info	Eingriff rpc: pushFile data/task.txt (200 im Puffer)
2026-09-22T17:16:16.584Z	info	Eingriff rpc: pushFile data/reload.txt (200 im Puffer)
2026-09-22T17:17:16.763Z	info	Eingriff rpc: pushFile data/task.txt (200 im Puffer)
2026-09-22T17:19:10.109Z	info	Eingriff push: blade.js (200 im Puffer)
2026-09-22T17:19:10.476Z	info	Sicherung pre-hotswap gruen: LIVE_197f4d61481686_BN9L3_2026-09-22T19-19_pre-hotswap.json.gz (296 ms)
2026-09-22T17:19:10.487Z	info	Nachgeschoben: blade.js
2026-09-22T17:22:25.035Z	info	1 Watcher-Meldung(en) ohne Inhaltsaenderung - nichts geschoben
2026-09-22T17:22:25.959Z	info	4 Watcher-Meldung(en) ohne Inhaltsaenderung - nichts geschoben
2026-09-22T17:24:05.554Z	info	2 Watcher-Meldung(en) ohne Inhaltsaenderung - nichts geschoben
2026-09-22T17:24:06.928Z	info	18 Watcher-Meldung(en) ohne Inhaltsaenderung - nichts geschoben
2026-09-22T17:24:20.125Z	info	1 Watcher-Meldung(en) ohne Inhaltsaenderung - nichts geschoben
2026-09-22T17:24:22.872Z	info	Eingriff push: graftplan.json (200 im Puffer)
2026-09-22T17:24:22.873Z	warn	graftplan.json steht in nicht-schieben.txt - NICHT geschoben
2026-09-22T17:24:28.793Z	info	2 Watcher-Meldung(en) ohne Inhaltsaenderung - nichts geschoben
2026-09-22T17:24:31.309Z	info	1 Watcher-Meldung(en) ohne Inhaltsaenderung - nichts geschoben
2026-09-22T17:29:15.612Z	info	Eingriff push: guard.js (200 im Puffer)
2026-09-22T17:29:16.109Z	info	Sicherung pre-hotswap gruen: LIVE_197f4d61481686_BN9L3_2026-09-22T19-29_pre-hotswap.json.gz (385 ms)
2026-09-22T17:29:16.144Z	info	Nachgeschoben: guard.js
2026-09-22T17:30:54.588Z	info	Eingriff push: ausgang.js (200 im Puffer)
2026-09-22T17:30:54.591Z	info	Nachgeschoben: ausgang.js
2026-09-22T17:34:23.388Z	info	Eingriff push: guard.js (200 im Puffer)
2026-09-22T17:34:23.392Z	info	Nachgeschoben: guard.js
2026-09-22T17:34:33.117Z	info	Eingriff push: guard.js (200 im Puffer)
2026-09-22T17:34:33.120Z	info	Nachgeschoben: guard.js
2026-09-22T17:39:47.796Z	info	Eingriff rpc: pushFile data/task.txt (200 im Puffer)
2026-09-22T17:39:52.829Z	info	Eingriff rpc: pushFile data/reload.txt (200 im Puffer)
2026-09-22T17:40:00.860Z	info	Eingriff rpc: pushFile data/task.txt (200 im Puffer)
2026-09-22T17:40:05.878Z	info	Eingriff rpc: pushFile data/reload.txt (200 im Puffer)
2026-09-22T17:40:09.900Z	info	Eingriff rpc: pushFile data/task.txt (200 im Puffer)
2026-09-22T17:40:14.921Z	info	Eingriff rpc: pushFile data/reload.txt (200 im Puffer)
2026-09-22T17:40:22.973Z	info	Eingriff rpc: pushFile data/task.txt (200 im Puffer)
2026-09-22T17:49:02.522Z	info	1 Watcher-Meldung(en) ohne Inhaltsaenderung - nichts geschoben
2026-09-22T17:51:32.460Z	info	Sicherung hourly gruen: LIVE_197f4d61481686_BN9L3_2026-09-22T19-51_hourly.json.gz (434 ms)
2026-09-22T17:54:17.071Z	info	1 Watcher-Meldung(en) ohne Inhaltsaenderung - nichts geschoben
2026-09-22T18:20:42.461Z	info	1 Watcher-Meldung(en) ohne Inhaltsaenderung - nichts geschoben
2026-09-22T18:23:46.903Z	info	4 Watcher-Meldung(en) ohne Inhaltsaenderung - nichts geschoben
2026-09-22T18:24:21.704Z	info	21 Watcher-Meldung(en) ohne Inhaltsaenderung - nichts geschoben
2026-09-22T18:25:03.036Z	info	Eingriff push: graftplan.json (200 im Puffer)
2026-09-22T18:25:03.510Z	info	Sicherung pre-hotswap gruen: LIVE_197f4d61481686_BN9L3_2026-09-22T20-25_pre-hotswap.json.gz (392 ms)
2026-09-22T18:25:03.511Z	warn	graftplan.json steht in nicht-schieben.txt - NICHT geschoben
2026-09-22T18:31:21.081Z	info	1 Watcher-Meldung(en) ohne Inhaltsaenderung - nichts geschoben
2026-09-22T18:35:51.955Z	info	1 Watcher-Meldung(en) ohne Inhaltsaenderung - nichts geschoben
2026-09-22T18:38:32.288Z	info	Handschlag angefragt: install -> pre-install
2026-09-22T18:38:32.728Z	info	Sicherung pre-install gruen: LIVE_197f4d61481686_BN9L3_2026-09-22T20-38_pre-install.json.gz (366 ms)
2026-09-22T18:51:32.947Z	info	Sicherung hourly gruen: LIVE_197f4d61481686_BN9L3_2026-09-22T20-51_hourly.json.gz (394 ms)
2026-09-22T18:54:18.474Z	info	1 Watcher-Meldung(en) ohne Inhaltsaenderung - nichts geschoben
2026-09-22T18:55:04.183Z	info	1 Watcher-Meldung(en) ohne Inhaltsaenderung - nichts geschoben
2026-09-22T19:21:01.801Z	info	1 Watcher-Meldung(en) ohne Inhaltsaenderung - nichts geschoben
2026-09-22T19:29:57.163Z	error	Schub verweigert: 11 Dateien > SCHUB_MAX 8
2026-09-22T19:29:57.266Z	info	Nach ## Sofort eingetragen: Grosser Schub verweigert (11 Dateien) - sieht nach einem Merge aus
2026-09-22T19:31:16.123Z	info	Eingriff rpc: pushFile lib/endspurt.js (200 im Puffer)
2026-09-22T19:31:16.135Z	info	Eingriff rpc: pushFile lib/handschlag.js (200 im Puffer)
2026-09-22T19:31:16.153Z	info	Eingriff rpc: pushFile registry.json (200 im Puffer)
2026-09-22T19:31:16.502Z	info	Eingriff rpc: pushFile ausgang.js (200 im Puffer)
2026-09-22T19:31:16.552Z	info	Eingriff rpc: pushFile blade.js (200 im Puffer)
2026-09-22T19:31:16.588Z	info	Eingriff rpc: pushFile bn4door.js (200 im Puffer)
2026-09-22T19:31:16.642Z	info	Eingriff rpc: pushFile bn4net.js (200 im Puffer)
2026-09-22T19:31:16.673Z	info	Eingriff rpc: pushFile bn4rep.js (200 im Puffer)
2026-09-22T19:31:16.703Z	info	Eingriff rpc: pushFile guard.js (200 im Puffer)
2026-09-22T19:31:16.714Z	info	Eingriff rpc: pushFile punish.js (200 im Puffer)
2026-09-22T19:31:16.731Z	info	Eingriff rpc: pushFile sleeve.js (200 im Puffer)
2026-09-22T19:31:24.065Z	info	Eingriff rpc: pushFile data/task.txt (200 im Puffer)
2026-09-22T19:31:29.093Z	info	Eingriff rpc: pushFile data/reload.txt (200 im Puffer)
2026-09-22T19:31:33.134Z	info	Eingriff rpc: pushFile data/task.txt (200 im Puffer)
2026-09-22T19:31:38.154Z	info	Eingriff rpc: pushFile data/reload.txt (200 im Puffer)
2026-09-22T19:31:42.178Z	info	Eingriff rpc: pushFile data/task.txt (200 im Puffer)
2026-09-22T19:31:47.195Z	info	Eingriff rpc: pushFile data/reload.txt (200 im Puffer)
2026-09-22T19:31:51.393Z	info	Eingriff rpc: pushFile data/task.txt (200 im Puffer)
2026-09-22T19:31:56.406Z	info	Eingriff rpc: pushFile data/reload.txt (200 im Puffer)
2026-09-22T19:32:04.426Z	info	Eingriff rpc: pushFile data/task.txt (200 im Puffer)
2026-09-22T19:32:09.447Z	info	Eingriff rpc: pushFile data/reload.txt (200 im Puffer)
2026-09-22T19:32:13.482Z	info	Eingriff rpc: pushFile data/task.txt (200 im Puffer)
2026-09-22T19:32:18.506Z	info	Eingriff rpc: pushFile data/reload.txt (200 im Puffer)
2026-09-22T19:32:22.526Z	info	Eingriff rpc: pushFile data/task.txt (200 im Puffer)
2026-09-22T19:32:32.509Z	info	Eingriff rpc: pushFile data/task.txt (200 im Puffer)
2026-09-22T19:32:37.530Z	info	Eingriff rpc: pushFile data/reload.txt (200 im Puffer)
2026-09-22T19:32:45.565Z	info	Eingriff rpc: pushFile data/task.txt (200 im Puffer)
2026-09-22T19:32:54.763Z	info	Eingriff rpc: pushFile data/task.txt (200 im Puffer)
2026-09-22T19:37:19.402Z	info	1 Watcher-Meldung(en) ohne Inhaltsaenderung - nichts geschoben
2026-09-22T19:37:40.593Z	info	124 Watcher-Meldung(en) ohne Inhaltsaenderung - nichts geschoben
2026-09-22T19:37:41.173Z	info	1 Watcher-Meldung(en) ohne Inhaltsaenderung - nichts geschoben
2026-09-22T19:38:44.114Z	info	Eingriff push: graftplan.json (200 im Puffer)
2026-09-22T19:38:44.876Z	info	Sicherung pre-hotswap gruen: LIVE_197f4d61481686_BN9L3_2026-09-22T21-38_pre-hotswap.json.gz (643 ms)
2026-09-22T19:38:44.884Z	warn	graftplan.json steht in nicht-schieben.txt - NICHT geschoben
2026-09-22T19:51:33.509Z	info	Sicherung hourly gruen: LIVE_197f4d61481686_BN9L3_2026-09-22T21-51_hourly.json.gz (430 ms)
2026-09-22T19:57:17.857Z	info	1 Watcher-Meldung(en) ohne Inhaltsaenderung - nichts geschoben
2026-09-22T20:32:58.648Z	info	11 Watcher-Meldung(en) ohne Inhaltsaenderung - nichts geschoben
2026-09-22T20:43:53.865Z	info	Eingriff push: ausgang.js, blade.js, bn4net.js, guard.js (200 im Puffer)
2026-09-22T20:43:54.323Z	info	Sicherung pre-hotswap gruen: LIVE_197f4d61481686_BN9L3_2026-09-22T22-43_pre-hotswap.json.gz (379 ms)
2026-09-22T20:43:54.338Z	info	4 Dateien zusammen nachgeschoben: ausgang.js, blade.js, bn4net.js, guard.js
2026-09-22T20:44:04.724Z	info	Eingriff rpc: pushFile data/task.txt (200 im Puffer)
2026-09-22T20:44:09.740Z	info	Eingriff rpc: pushFile data/reload.txt (200 im Puffer)
2026-09-22T20:44:17.774Z	info	Eingriff rpc: pushFile data/task.txt (200 im Puffer)
2026-09-22T20:44:22.786Z	info	Eingriff rpc: pushFile data/reload.txt (200 im Puffer)
2026-09-22T20:44:30.810Z	info	Eingriff rpc: pushFile data/task.txt (200 im Puffer)
2026-09-22T20:44:35.819Z	info	Eingriff rpc: pushFile data/reload.txt (200 im Puffer)
2026-09-22T20:44:39.836Z	info	Eingriff rpc: pushFile data/task.txt (200 im Puffer)
2026-09-22T20:44:45.047Z	info	Eingriff rpc: pushFile data/task.txt (200 im Puffer)
2026-09-22T20:44:50.061Z	info	Eingriff rpc: pushFile data/reload.txt (200 im Puffer)
2026-09-22T20:44:58.103Z	info	Eingriff rpc: pushFile data/task.txt (200 im Puffer)
2026-09-22T20:45:26.378Z	info	Master-Riegel gegen git ls-tree master -- src/ (145 Dateien)
2026-09-22T20:45:26.402Z	info	Beobachte src/ auf Aenderungen
2026-09-22T20:45:26.401Z	info	Anker uebernommen: totalPlaytime 820.15 h
2026-09-22T20:45:29.461Z	info	Spiel verbunden - Verifikation laeuft, es wird noch nichts geschrieben
2026-09-22T20:45:29.926Z	info	Verifiziert in 464 ms: 197f4d61481686 BN9 L3, 820.17 h
2026-09-22T20:45:30.481Z	info	Sicherung connect gruen: LIVE_197f4d61481686_BN9L3_2026-09-22T22-45_connect.json.gz (441 ms)
2026-09-22T20:45:30.787Z	info	143 Datei(en) ins Spiel uebertragen - 1 aus einem verweigerten Schub ZURUECKGEHALTEN
2026-09-22T20:45:31.233Z	info	131 Watcher-Meldung(en) ohne Inhaltsaenderung - nichts geschoben
2026-09-22T21:44:27.255Z	info	Sicherung hourly gruen: LIVE_197f4d61481686_BN9L3_2026-09-22T23-44_hourly.json.gz (341 ms)
2026-09-22T22:44:27.705Z	info	Sicherung hourly gruen: LIVE_197f4d61481686_BN9L3_2026-09-23T00-44_hourly.json.gz (344 ms)
2026-09-23T05:25:17.470Z	info	Master-Riegel gegen git ls-tree master -- src/ (145 Dateien)
2026-09-23T05:25:17.497Z	info	Beobachte src/ auf Aenderungen
2026-09-23T05:25:17.496Z	info	Anker uebernommen: totalPlaytime 822.69 h
2026-09-23T05:25:19.469Z	info	Spiel verbunden - Verifikation laeuft, es wird noch nichts geschrieben
2026-09-23T05:25:19.915Z	info	Verifiziert in 446 ms: 197f4d61481686 BN9 L3, 828.83 h
2026-09-23T05:25:20.409Z	info	Sicherung connect gruen: LIVE_197f4d61481686_BN9L3_2026-09-23T07-25_connect.json.gz (377 ms)
2026-09-23T05:25:23.235Z	info	143 Datei(en) ins Spiel uebertragen - 1 aus einem verweigerten Schub ZURUECKGEHALTEN
2026-09-23T05:25:23.698Z	info	143 Watcher-Meldung(en) ohne Inhaltsaenderung - nichts geschoben
2026-09-23T05:26:17.709Z	info	Nach ## Sofort eingetragen: Bruecke ohne Sicherung - Spielstand liegt in Downloads
2026-09-23T05:26:18.375Z	info	Sicherung hourly gruen: LIVE_197f4d61481686_BN9L3_2026-09-23T07-26_hourly.json.gz (751 ms)
2026-09-23T06:00:34.695Z	warn	graftplan.json steht in nicht-schieben.txt - NICHT geschoben
2026-09-23T06:44:58.453Z	info	Master-Riegel gegen git ls-tree master -- src/ (145 Dateien)
2026-09-23T06:44:58.477Z	info	Anker uebernommen: totalPlaytime 829.69 h
2026-09-23T06:44:58.478Z	info	Beobachte src/ auf Aenderungen
2026-09-23T06:44:58.607Z	info	Spiel verbunden - Verifikation laeuft, es wird noch nichts geschrieben
2026-09-23T06:44:59.081Z	info	Verifiziert in 474 ms: 197f4d61481686 BN9 L3, 830.16 h
2026-09-23T06:44:59.706Z	info	Sicherung connect gruen: LIVE_197f4d61481686_BN9L3_2026-09-23T08-44_connect.json.gz (491 ms)
2026-09-23T06:45:02.433Z	info	143 Datei(en) ins Spiel uebertragen - 1 aus einem verweigerten Schub ZURUECKGEHALTEN
2026-09-23T06:45:02.892Z	info	143 Watcher-Meldung(en) ohne Inhaltsaenderung - nichts geschoben
2026-09-23T06:45:32.957Z	info	Eingriff push: hashes.js, hacknet.js, bn4net.js, registry.json (200 im Puffer)
2026-09-23T06:45:33.510Z	info	Sicherung pre-hotswap gruen: LIVE_197f4d61481686_BN9L3_2026-09-23T08-45_pre-hotswap.json.gz (467 ms)
2026-09-23T06:45:33.521Z	info	4 Dateien zusammen nachgeschoben: hashes.js, hacknet.js, bn4net.js, registry.json
2026-09-23T06:45:44.421Z	info	Eingriff rpc: pushFile data/task.txt (200 im Puffer)
2026-09-23T06:45:49.501Z	info	Eingriff rpc: pushFile data/reload.txt (200 im Puffer)
2026-09-23T06:45:53.546Z	info	Eingriff rpc: pushFile data/task.txt (200 im Puffer)
2026-09-23T06:45:58.683Z	info	Eingriff rpc: pushFile data/reload.txt (200 im Puffer)
2026-09-23T06:45:59.481Z	info	Sicherung hourly gruen: LIVE_197f4d61481686_BN9L3_2026-09-23T08-45_hourly.json.gz (860 ms)
2026-09-23T06:46:02.974Z	info	Eingriff rpc: pushFile data/task.txt (200 im Puffer)
2026-09-23T06:46:08.194Z	info	Eingriff rpc: pushFile data/task.txt (200 im Puffer)
2026-09-23T06:46:13.210Z	info	Eingriff rpc: pushFile data/reload.txt (200 im Puffer)
2026-09-23T06:46:21.244Z	info	Eingriff rpc: pushFile data/task.txt (200 im Puffer)
2026-09-23T06:46:26.456Z	info	Eingriff rpc: pushFile data/task.txt (200 im Puffer)
2026-09-23T06:57:30.830Z	info	Eingriff push: registry.json (200 im Puffer)
2026-09-23T06:57:31.325Z	info	Sicherung pre-hotswap gruen: LIVE_197f4d61481686_BN9L3_2026-09-23T08-57_pre-hotswap.json.gz (411 ms)
2026-09-23T06:57:31.328Z	info	Nachgeschoben: registry.json
2026-09-23T07:13:28.954Z	warn	graftplan.json steht in nicht-schieben.txt - NICHT geschoben
2026-09-23T07:14:20.461Z	info	Eingriff push: lib/endspurt.js (200 im Puffer)
2026-09-23T07:14:20.848Z	info	Sicherung pre-hotswap gruen: LIVE_197f4d61481686_BN9L3_2026-09-23T09-14_pre-hotswap.json.gz (316 ms)
2026-09-23T07:14:20.852Z	info	Nachgeschoben: lib/endspurt.js
2026-09-23T07:14:23.638Z	info	Eingriff push: bn4rep.js (200 im Puffer)
2026-09-23T07:14:23.643Z	info	Nachgeschoben: bn4rep.js
2026-09-23T07:14:31.758Z	info	Eingriff rpc: pushFile data/task.txt (200 im Puffer)
2026-09-23T07:14:36.777Z	info	Eingriff rpc: pushFile data/reload.txt (200 im Puffer)
2026-09-23T07:14:44.811Z	info	Eingriff rpc: pushFile data/task.txt (200 im Puffer)
2026-09-23T07:46:44.190Z	info	Master-Riegel gegen git ls-tree master -- src/ (145 Dateien)
2026-09-23T07:46:44.211Z	info	Anker uebernommen: totalPlaytime 830.68 h
2026-09-23T07:46:44.212Z	info	Beobachte src/ auf Aenderungen
2026-09-23T07:46:44.574Z	info	Spiel verbunden - Verifikation laeuft, es wird noch nichts geschrieben
2026-09-23T07:46:44.888Z	info	Verifiziert in 314 ms: 197f4d61481686 BN9 L3, 831.19 h
2026-09-23T07:46:45.309Z	info	Sicherung connect gruen: LIVE_197f4d61481686_BN9L3_2026-09-23T09-46_connect.json.gz (338 ms)
2026-09-23T07:46:45.670Z	info	143 Datei(en) ins Spiel uebertragen - 1 aus einem verweigerten Schub ZURUECKGEHALTEN
2026-09-23T07:46:46.101Z	info	139 Watcher-Meldung(en) ohne Inhaltsaenderung - nichts geschoben
2026-09-23T07:49:24.034Z	info	Eingriff rpc: pushFile data/task.txt (200 im Puffer)
2026-09-23T07:49:29.051Z	info	Eingriff rpc: pushFile data/reload.txt (200 im Puffer)
2026-09-23T07:49:33.220Z	info	Eingriff rpc: pushFile data/task.txt (200 im Puffer)
2026-09-23T08:14:45.005Z	info	Sicherung hourly gruen: LIVE_197f4d61481686_BN9L3_2026-09-23T10-14_hourly.json.gz (519 ms)
2026-09-23T09:14:45.186Z	info	Sicherung hourly gruen: LIVE_197f4d61481686_BN9L3_2026-09-23T11-14_hourly.json.gz (295 ms)
2026-09-23T10:14:45.679Z	info	Sicherung hourly gruen: LIVE_197f4d61481686_BN9L3_2026-09-23T12-14_hourly.json.gz (354 ms)
2026-09-23T11:14:46.177Z	info	Sicherung hourly gruen: LIVE_197f4d61481686_BN9L3_2026-09-23T13-14_hourly.json.gz (429 ms)
2026-09-23T12:14:46.623Z	info	Sicherung hourly gruen: LIVE_197f4d61481686_BN9L3_2026-09-23T14-14_hourly.json.gz (369 ms)
2026-09-23T12:19:46.232Z	info	Handschlag angefragt: install -> pre-install
2026-09-23T12:19:46.660Z	info	Sicherung pre-install gruen: LIVE_197f4d61481686_BN9L3_2026-09-23T14-19_pre-install.json.gz (358 ms)
2026-09-23T13:14:46.924Z	info	Sicherung hourly gruen: LIVE_197f4d61481686_BN9L3_2026-09-23T15-14_hourly.json.gz (226 ms)
2026-09-23T14:14:47.423Z	info	Sicherung hourly gruen: LIVE_197f4d61481686_BN9L3_2026-09-23T16-14_hourly.json.gz (243 ms)
2026-09-23T15:14:47.927Z	info	Sicherung hourly gruen: LIVE_197f4d61481686_BN9L3_2026-09-23T17-14_hourly.json.gz (258 ms)
2026-09-23T16:14:48.371Z	info	Sicherung hourly gruen: LIVE_197f4d61481686_BN9L3_2026-09-23T18-14_hourly.json.gz (250 ms)
2026-09-23T16:30:22.164Z	info	Eingriff rpc: pushFile data/task.txt (200 im Puffer)
2026-09-23T16:30:22.553Z	info	2 Watcher-Meldung(en) ohne Inhaltsaenderung - nichts geschoben
2026-09-23T16:31:38.876Z	info	115 Watcher-Meldung(en) ohne Inhaltsaenderung - nichts geschoben
2026-09-23T16:32:35.159Z	info	1 Watcher-Meldung(en) ohne Inhaltsaenderung - nichts geschoben
2026-09-23T17:14:49.912Z	info	Sicherung hourly gruen: LIVE_197f4d61481686_BN9L3_2026-09-23T19-14_hourly.json.gz (1217 ms)
2026-09-23T18:14:50.665Z	info	Sicherung hourly gruen: LIVE_197f4d61481686_BN9L3_2026-09-23T20-14_hourly.json.gz (1470 ms)
2026-09-23T19:04:13.306Z	info	1 Watcher-Meldung(en) ohne Inhaltsaenderung - nichts geschoben
2026-09-23T19:14:49.766Z	info	Sicherung hourly gruen: LIVE_197f4d61481686_BN9L3_2026-09-23T21-14_hourly.json.gz (241 ms)
2026-09-23T19:29:09.142Z	warn	graftplan.json steht in nicht-schieben.txt - NICHT geschoben
2026-09-23T20:14:50.213Z	info	Sicherung hourly gruen: LIVE_197f4d61481686_BN9L3_2026-09-23T22-14_hourly.json.gz (269 ms)
2026-09-23T21:14:50.644Z	info	Sicherung hourly gruen: LIVE_197f4d61481686_BN9L3_2026-09-23T23-14_hourly.json.gz (249 ms)
2026-09-23T22:14:51.099Z	info	Sicherung hourly gruen: LIVE_197f4d61481686_BN9L3_2026-09-24T00-14_hourly.json.gz (267 ms)
2026-09-23T23:14:51.597Z	info	Sicherung hourly gruen: LIVE_197f4d61481686_BN9L3_2026-09-24T01-14_hourly.json.gz (291 ms)
2026-09-24T00:14:52.072Z	info	Sicherung hourly gruen: LIVE_197f4d61481686_BN9L3_2026-09-24T02-14_hourly.json.gz (260 ms)
2026-09-24T01:14:52.584Z	info	Sicherung hourly gruen: LIVE_197f4d61481686_BN9L3_2026-09-24T03-14_hourly.json.gz (303 ms)
2026-09-24T02:14:52.981Z	info	Sicherung hourly gruen: LIVE_197f4d61481686_BN9L3_2026-09-24T04-14_hourly.json.gz (270 ms)
2026-09-24T02:17:52.859Z	info	Handschlag angefragt: install -> pre-install
2026-09-24T02:17:53.241Z	info	Sicherung pre-install gruen: LIVE_197f4d61481686_BN9L3_2026-09-24T04-17_pre-install.json.gz (322 ms)
2026-09-24T03:14:53.405Z	info	Sicherung hourly gruen: LIVE_197f4d61481686_BN9L3_2026-09-24T05-14_hourly.json.gz (248 ms)
2026-09-24T04:14:53.912Z	info	Sicherung hourly gruen: LIVE_197f4d61481686_BN9L3_2026-09-24T06-14_hourly.json.gz (273 ms)
2026-09-24T05:14:54.406Z	info	Sicherung hourly gruen: LIVE_197f4d61481686_BN9L3_2026-09-24T07-14_hourly.json.gz (270 ms)
2026-09-24T06:14:54.861Z	info	Sicherung hourly gruen: LIVE_197f4d61481686_BN9L3_2026-09-24T08-14_hourly.json.gz (307 ms)
2026-09-24T07:14:55.323Z	info	Sicherung hourly gruen: LIVE_197f4d61481686_BN9L3_2026-09-24T09-14_hourly.json.gz (317 ms)
2026-09-24T08:14:55.846Z	info	Sicherung hourly gruen: LIVE_197f4d61481686_BN9L3_2026-09-24T10-14_hourly.json.gz (397 ms)
2026-09-24T09:14:56.287Z	info	Sicherung hourly gruen: LIVE_197f4d61481686_BN9L3_2026-09-24T11-14_hourly.json.gz (407 ms)
2026-09-24T10:14:56.665Z	info	Sicherung hourly gruen: LIVE_197f4d61481686_BN9L3_2026-09-24T12-14_hourly.json.gz (328 ms)
2026-09-24T11:14:57.527Z	info	Sicherung hourly gruen: LIVE_197f4d61481686_BN9L3_2026-09-24T13-14_hourly.json.gz (657 ms)
2026-09-24T11:42:45.730Z	info	1 Watcher-Meldung(en) ohne Inhaltsaenderung - nichts geschoben
2026-09-24T11:43:44.812Z	info	1 Watcher-Meldung(en) ohne Inhaltsaenderung - nichts geschoben
2026-09-24T12:14:57.844Z	info	Sicherung hourly gruen: LIVE_197f4d61481686_BN9L3_2026-09-24T14-14_hourly.json.gz (576 ms)
2026-09-24T13:14:58.056Z	info	Sicherung hourly gruen: LIVE_197f4d61481686_BN9L3_2026-09-24T15-14_hourly.json.gz (334 ms)
2026-09-24T14:14:58.401Z	info	Sicherung hourly gruen: LIVE_197f4d61481686_BN9L3_2026-09-24T16-14_hourly.json.gz (284 ms)
2026-09-24T14:25:58.139Z	info	Handschlag angefragt: jump -> pre-jump
2026-09-24T14:25:58.469Z	info	Sicherung pre-jump gruen: LIVE_197f4d61481686_BN9L3_2026-09-24T16-25_pre-jump.json.gz (268 ms)
2026-09-24T14:41:58.257Z	info	Handschlag angefragt: install -> pre-install
2026-09-24T14:41:58.546Z	info	Sicherung pre-install gruen: LIVE_197f4d61481686_BN1L2_2026-09-24T16-41_pre-install.json.gz (234 ms)
2026-09-24T15:14:58.798Z	info	Sicherung hourly gruen: LIVE_197f4d61481686_BN1L2_2026-09-24T17-14_hourly.json.gz (249 ms)
2026-09-24T16:14:59.236Z	info	Sicherung hourly gruen: LIVE_197f4d61481686_BN1L2_2026-09-24T18-14_hourly.json.gz (277 ms)
2026-09-24T17:14:59.634Z	info	Sicherung hourly gruen: LIVE_197f4d61481686_BN1L2_2026-09-24T19-14_hourly.json.gz (284 ms)
2026-09-24T18:08:59.690Z	info	Handschlag angefragt: install -> pre-install
2026-09-24T18:09:00.067Z	info	Sicherung pre-install gruen: LIVE_197f4d61481686_BN1L2_2026-09-24T20-08_pre-install.json.gz (303 ms)
2026-09-24T18:15:00.033Z	info	Sicherung hourly gruen: LIVE_197f4d61481686_BN1L2_2026-09-24T20-14_hourly.json.gz (240 ms)
2026-09-24T19:15:00.507Z	info	Sicherung hourly gruen: LIVE_197f4d61481686_BN1L2_2026-09-24T21-15_hourly.json.gz (286 ms)
2026-09-24T19:19:00.201Z	info	Handschlag angefragt: install -> pre-install
2026-09-24T19:19:00.540Z	info	Sicherung pre-install gruen: LIVE_197f4d61481686_BN1L2_2026-09-24T21-19_pre-install.json.gz (272 ms)
2026-09-24T20:44:02.039Z	info	Master-Riegel gegen git ls-tree master -- src/ (145 Dateien)
2026-09-24T20:44:02.068Z	info	Anker uebernommen: totalPlaytime 866.88 h
2026-09-24T20:44:02.068Z	info	Beobachte src/ auf Aenderungen
2026-09-24T20:44:07.500Z	info	Spiel verbunden - Verifikation laeuft, es wird noch nichts geschrieben
2026-09-24T20:44:07.747Z	info	Verifiziert in 246 ms: 197f4d61481686 BN1 L2, 868.15 h
2026-09-24T20:44:08.080Z	info	Sicherung connect gruen: LIVE_197f4d61481686_BN1L2_2026-09-24T22-44_connect.json.gz (242 ms)
2026-09-24T20:44:11.059Z	info	143 Datei(en) ins Spiel uebertragen - 1 aus einem verweigerten Schub ZURUECKGEHALTEN
2026-09-24T20:44:11.521Z	info	143 Watcher-Meldung(en) ohne Inhaltsaenderung - nichts geschoben
2026-09-24T20:45:02.558Z	info	Sicherung hourly gruen: LIVE_197f4d61481686_BN1L2_2026-09-24T22-45_hourly.json.gz (406 ms)
2026-09-24T20:45:06.217Z	warn	graftplan.json steht in nicht-schieben.txt - NICHT geschoben
2026-09-24T21:13:02.270Z	info	Handschlag angefragt: install -> pre-install
2026-09-24T21:13:02.649Z	info	Sicherung pre-install gruen: LIVE_197f4d61481686_BN1L2_2026-09-24T23-13_pre-install.json.gz (304 ms)
2026-09-24T21:45:03.126Z	info	Sicherung hourly gruen: LIVE_197f4d61481686_BN1L2_2026-09-24T23-45_hourly.json.gz (484 ms)
2026-09-24T21:49:02.602Z	info	Handschlag angefragt: install -> pre-install
2026-09-24T21:49:02.933Z	info	Sicherung pre-install gruen: LIVE_197f4d61481686_BN1L2_2026-09-24T23-49_pre-install.json.gz (260 ms)
2026-09-24T22:45:03.874Z	info	Sicherung hourly gruen: LIVE_197f4d61481686_BN1L2_2026-09-25T00-45_hourly.json.gz (776 ms)
2026-09-24T23:35:28.668Z	warn	Spielverbindung getrennt - warte auf neue Verbindung
2026-09-25T06:03:33.184Z	info	Spiel verbunden - Verifikation laeuft, es wird noch nichts geschrieben
2026-09-25T06:03:33.383Z	info	Nach ## Sofort eingetragen: Spiel-Tab nicht verbunden
2026-09-25T06:03:33.560Z	info	Nach ## Sofort eingetragen: Telemetrie veraltet
2026-09-25T06:03:33.784Z	info	Verifiziert in 600 ms: 197f4d61481686 BN1 L2, 877.47 h
2026-09-25T06:03:34.504Z	info	Sicherung connect gruen: LIVE_197f4d61481686_BN1L2_2026-09-25T08-03_connect.json.gz (599 ms)
2026-09-25T06:03:37.932Z	info	143 Datei(en) ins Spiel uebertragen - 1 aus einem verweigerten Schub ZURUECKGEHALTEN
2026-09-25T06:03:38.382Z	info	143 Watcher-Meldung(en) ohne Inhaltsaenderung - nichts geschoben
2026-09-25T06:04:31.365Z	info	Nach ## Sofort eingetragen: Bruecke ohne Sicherung - Spielstand liegt in Downloads
2026-09-25T06:04:31.452Z	info	Handschlag angefragt: install -> pre-install
2026-09-25T06:04:32.215Z	info	Sicherung hourly gruen: LIVE_197f4d61481686_BN1L2_2026-09-25T08-04_hourly.json.gz (895 ms)
2026-09-25T06:04:32.245Z	info	Sicherung pre-install gruen: LIVE_197f4d61481686_BN1L2_2026-09-25T08-04_pre-install.json.gz (698 ms)
2026-09-25T07:04:32.812Z	info	Sicherung hourly gruen: LIVE_197f4d61481686_BN1L2_2026-09-25T09-04_hourly.json.gz (950 ms)
2026-09-25T07:28:31.921Z	info	Handschlag angefragt: install -> pre-install
2026-09-25T07:28:32.286Z	info	Sicherung pre-install gruen: LIVE_197f4d61481686_BN1L2_2026-09-25T09-28_pre-install.json.gz (293 ms)
2026-09-25T07:51:32.107Z	info	Handschlag angefragt: install -> pre-install
2026-09-25T07:51:32.413Z	info	Sicherung pre-install gruen: LIVE_197f4d61481686_BN1L2_2026-09-25T09-51_pre-install.json.gz (241 ms)
2026-09-25T08:04:32.770Z	info	Sicherung hourly gruen: LIVE_197f4d61481686_BN1L2_2026-09-25T10-04_hourly.json.gz (512 ms)
2026-09-25T09:04:33.289Z	info	Sicherung hourly gruen: LIVE_197f4d61481686_BN1L2_2026-09-25T11-04_hourly.json.gz (576 ms)
2026-09-25T09:35:32.872Z	info	Handschlag angefragt: install -> pre-install
2026-09-25T09:35:33.220Z	info	Sicherung pre-install gruen: LIVE_197f4d61481686_BN1L2_2026-09-25T11-35_pre-install.json.gz (272 ms)
2026-09-25T09:43:32.922Z	info	Handschlag angefragt: install -> pre-install
2026-09-25T09:43:33.255Z	info	Sicherung pre-install gruen: LIVE_197f4d61481686_BN1L2_2026-09-25T11-43_pre-install.json.gz (261 ms)
2026-09-25T09:55:33.018Z	info	Handschlag angefragt: install -> pre-install
2026-09-25T09:55:33.370Z	info	Sicherung pre-install gruen: LIVE_197f4d61481686_BN1L2_2026-09-25T11-55_pre-install.json.gz (276 ms)
2026-09-25T09:58:33.042Z	info	Handschlag angefragt: jump -> pre-jump
2026-09-25T09:58:33.399Z	info	Sicherung pre-jump gruen: LIVE_197f4d61481686_BN1L2_2026-09-25T11-58_pre-jump.json.gz (283 ms)
2026-09-25T10:04:33.746Z	info	Sicherung hourly gruen: LIVE_197f4d61481686_BN1L3_2026-09-25T12-04_hourly.json.gz (577 ms)
2026-09-25T11:04:34.259Z	info	Sicherung hourly gruen: LIVE_197f4d61481686_BN1L3_2026-09-25T13-04_hourly.json.gz (623 ms)
2026-09-25T11:12:47.669Z	warn	graftplan.json steht in nicht-schieben.txt - NICHT geschoben
2026-09-25T11:49:33.911Z	info	Handschlag angefragt: install -> pre-install
2026-09-25T11:49:34.233Z	info	Sicherung pre-install gruen: LIVE_197f4d61481686_BN1L3_2026-09-25T13-49_pre-install.json.gz (251 ms)
2026-09-25T12:04:34.416Z	info	Sicherung hourly gruen: LIVE_197f4d61481686_BN1L3_2026-09-25T14-04_hourly.json.gz (323 ms)
2026-09-25T12:50:34.402Z	info	Handschlag angefragt: install -> pre-install
2026-09-25T12:50:34.821Z	info	Sicherung pre-install gruen: LIVE_197f4d61481686_BN1L3_2026-09-25T14-50_pre-install.json.gz (310 ms)
2026-09-25T13:04:35.114Z	info	Sicherung hourly gruen: LIVE_197f4d61481686_BN1L3_2026-09-25T15-04_hourly.json.gz (542 ms)
2026-09-25T14:04:36.370Z	info	Sicherung hourly gruen: LIVE_197f4d61481686_BN1L3_2026-09-25T16-04_hourly.json.gz (1279 ms)
2026-09-25T14:37:35.274Z	info	Handschlag angefragt: install -> pre-install
2026-09-25T14:37:35.582Z	info	Sicherung pre-install gruen: LIVE_197f4d61481686_BN1L3_2026-09-25T16-37_pre-install.json.gz (242 ms)
2026-09-25T15:04:36.080Z	info	Sicherung hourly gruen: LIVE_197f4d61481686_BN1L3_2026-09-25T17-04_hourly.json.gz (496 ms)
2026-09-25T16:04:36.533Z	info	Sicherung hourly gruen: LIVE_197f4d61481686_BN1L3_2026-09-25T18-04_hourly.json.gz (545 ms)
2026-09-25T17:00:36.364Z	info	Handschlag angefragt: install -> pre-install
2026-09-25T17:00:36.700Z	info	Sicherung pre-install gruen: LIVE_197f4d61481686_BN1L3_2026-09-25T19-00_pre-install.json.gz (270 ms)
2026-09-25T17:04:36.949Z	info	Sicherung hourly gruen: LIVE_197f4d61481686_BN1L3_2026-09-25T19-04_hourly.json.gz (503 ms)
2026-09-25T18:04:37.492Z	info	Sicherung hourly gruen: LIVE_197f4d61481686_BN1L3_2026-09-25T20-04_hourly.json.gz (627 ms)
2026-09-25T18:36:37.019Z	info	Handschlag angefragt: install -> pre-install
2026-09-25T18:36:37.471Z	info	Sicherung pre-install gruen: LIVE_197f4d61481686_BN1L3_2026-09-25T20-36_pre-install.json.gz (371 ms)
2026-09-25T19:04:37.777Z	info	Sicherung hourly gruen: LIVE_197f4d61481686_BN1L3_2026-09-25T21-04_hourly.json.gz (490 ms)
2026-09-25T19:34:37.509Z	info	Handschlag angefragt: install -> pre-install
2026-09-25T19:34:38.057Z	info	Sicherung pre-install gruen: LIVE_197f4d61481686_BN1L3_2026-09-25T21-34_pre-install.json.gz (483 ms)
2026-09-25T19:54:37.795Z	info	Handschlag angefragt: install -> pre-install
2026-09-25T19:54:38.756Z	info	Sicherung pre-install gruen: LIVE_197f4d61481686_BN1L3_2026-09-25T21-54_pre-install.json.gz (897 ms)
2026-09-25T20:04:38.252Z	info	Sicherung hourly gruen: LIVE_197f4d61481686_BN1L3_2026-09-25T22-04_hourly.json.gz (510 ms)
2026-09-25T20:08:07.489Z	warn	graftplan.json steht in nicht-schieben.txt - NICHT geschoben
2026-09-25T20:13:37.736Z	info	Handschlag angefragt: install -> pre-install
2026-09-25T20:13:38.068Z	info	Sicherung pre-install gruen: LIVE_197f4d61481686_BN1L3_2026-09-25T22-13_pre-install.json.gz (255 ms)
2026-09-25T21:04:38.893Z	info	Sicherung hourly gruen: LIVE_197f4d61481686_BN1L3_2026-09-25T23-04_hourly.json.gz (654 ms)
2026-09-25T22:04:39.095Z	info	Sicherung hourly gruen: LIVE_197f4d61481686_BN1L3_2026-09-26T00-04_hourly.json.gz (341 ms)
2026-09-25T22:15:38.719Z	info	Handschlag angefragt: install -> pre-install
2026-09-25T22:15:39.023Z	info	Sicherung pre-install gruen: LIVE_197f4d61481686_BN1L3_2026-09-26T00-15_pre-install.json.gz (238 ms)
2026-09-25T22:23:38.795Z	info	Handschlag angefragt: install -> pre-install
2026-09-25T22:23:39.060Z	info	Sicherung pre-install gruen: LIVE_197f4d61481686_BN1L3_2026-09-26T00-23_pre-install.json.gz (203 ms)
2026-09-25T22:36:38.897Z	info	Handschlag angefragt: install -> pre-install
2026-09-25T22:36:39.162Z	info	Sicherung pre-install gruen: LIVE_197f4d61481686_BN1L3_2026-09-26T00-36_pre-install.json.gz (201 ms)
2026-09-25T22:39:38.910Z	info	Handschlag angefragt: jump -> pre-jump
2026-09-25T22:39:39.185Z	info	Sicherung pre-jump gruen: LIVE_197f4d61481686_BN1L3_2026-09-26T00-39_pre-jump.json.gz (211 ms)
2026-09-25T23:04:39.507Z	info	Sicherung hourly gruen: LIVE_197f4d61481686_BN5L2_2026-09-26T01-04_hourly.json.gz (224 ms)
2026-09-25T23:45:39.447Z	info	Handschlag angefragt: install -> pre-install
2026-09-25T23:45:39.739Z	info	Sicherung pre-install gruen: LIVE_197f4d61481686_BN5L2_2026-09-26T01-45_pre-install.json.gz (220 ms)
2026-09-26T00:04:40.094Z	info	Sicherung hourly gruen: LIVE_197f4d61481686_BN5L2_2026-09-26T02-04_hourly.json.gz (414 ms)
2026-09-26T01:04:40.581Z	info	Sicherung hourly gruen: LIVE_197f4d61481686_BN5L2_2026-09-26T03-04_hourly.json.gz (434 ms)
2026-09-26T02:04:41.051Z	info	Sicherung hourly gruen: LIVE_197f4d61481686_BN5L2_2026-09-26T04-04_hourly.json.gz (428 ms)
2026-09-26T02:48:40.761Z	info	Handschlag angefragt: install -> pre-install
2026-09-26T02:48:41.103Z	info	Sicherung pre-install gruen: LIVE_197f4d61481686_BN5L2_2026-09-26T04-48_pre-install.json.gz (275 ms)
2026-09-26T03:04:41.378Z	info	Sicherung hourly gruen: LIVE_197f4d61481686_BN5L2_2026-09-26T05-04_hourly.json.gz (256 ms)
2026-09-26T04:04:41.918Z	info	Sicherung hourly gruen: LIVE_197f4d61481686_BN5L2_2026-09-26T06-04_hourly.json.gz (311 ms)
2026-09-26T05:04:42.455Z	info	Sicherung hourly gruen: LIVE_197f4d61481686_BN5L2_2026-09-26T07-04_hourly.json.gz (398 ms)
2026-09-26T05:10:41.859Z	info	Handschlag angefragt: install -> pre-install
2026-09-26T05:10:42.181Z	info	Sicherung pre-install gruen: LIVE_197f4d61481686_BN5L2_2026-09-26T07-10_pre-install.json.gz (260 ms)
2026-09-26T06:04:42.960Z	info	Sicherung hourly gruen: LIVE_197f4d61481686_BN5L2_2026-09-26T08-04_hourly.json.gz (465 ms)
2026-09-26T07:04:43.247Z	info	Sicherung hourly gruen: LIVE_197f4d61481686_BN5L2_2026-09-26T09-04_hourly.json.gz (333 ms)
2026-09-26T07:14:42.868Z	info	Handschlag angefragt: install -> pre-install
2026-09-26T07:14:43.922Z	info	Sicherung pre-install gruen: LIVE_197f4d61481686_BN5L2_2026-09-26T09-14_pre-install.json.gz (976 ms)
2026-09-26T08:01:43.193Z	info	Handschlag angefragt: install -> pre-install
2026-09-26T08:01:43.505Z	info	Sicherung pre-install gruen: LIVE_197f4d61481686_BN5L2_2026-09-26T10-01_pre-install.json.gz (224 ms)
2026-09-26T08:04:43.790Z	info	Sicherung hourly gruen: LIVE_197f4d61481686_BN5L2_2026-09-26T10-04_hourly.json.gz (399 ms)
2026-09-26T09:04:44.332Z	info	Sicherung hourly gruen: LIVE_197f4d61481686_BN5L2_2026-09-26T11-04_hourly.json.gz (517 ms)
2026-09-26T10:04:44.917Z	info	Sicherung hourly gruen: LIVE_197f4d61481686_BN5L2_2026-09-26T12-04_hourly.json.gz (636 ms)
2026-09-26T10:53:44.530Z	info	Handschlag angefragt: install -> pre-install
2026-09-26T10:53:44.876Z	info	Sicherung pre-install gruen: LIVE_197f4d61481686_BN5L2_2026-09-26T12-53_pre-install.json.gz (269 ms)
2026-09-26T11:04:45.177Z	info	Sicherung hourly gruen: LIVE_197f4d61481686_BN5L2_2026-09-26T13-04_hourly.json.gz (499 ms)
2026-09-26T12:04:45.710Z	info	Sicherung hourly gruen: LIVE_197f4d61481686_BN5L2_2026-09-26T14-04_hourly.json.gz (601 ms)
2026-09-26T13:04:46.212Z	info	Sicherung hourly gruen: LIVE_197f4d61481686_BN5L2_2026-09-26T15-04_hourly.json.gz (610 ms)
2026-09-26T13:12:45.595Z	info	Handschlag angefragt: install -> pre-install
2026-09-26T13:12:46.020Z	info	Sicherung pre-install gruen: LIVE_197f4d61481686_BN5L2_2026-09-26T15-12_pre-install.json.gz (338 ms)
2026-09-26T14:04:46.639Z	info	Sicherung hourly gruen: LIVE_197f4d61481686_BN5L2_2026-09-26T16-04_hourly.json.gz (550 ms)
2026-09-26T14:37:46.220Z	info	Handschlag angefragt: install -> pre-install
2026-09-26T14:37:46.602Z	info	Sicherung pre-install gruen: LIVE_197f4d61481686_BN5L2_2026-09-26T16-37_pre-install.json.gz (296 ms)
2026-09-26T14:57:46.381Z	info	Handschlag angefragt: install -> pre-install
2026-09-26T14:57:46.738Z	info	Sicherung pre-install gruen: LIVE_197f4d61481686_BN5L2_2026-09-26T16-57_pre-install.json.gz (267 ms)
2026-09-26T15:04:47.049Z	info	Sicherung hourly gruen: LIVE_197f4d61481686_BN5L2_2026-09-26T17-04_hourly.json.gz (490 ms)
2026-09-26T15:19:46.566Z	info	Handschlag angefragt: install -> pre-install
2026-09-26T15:19:47.245Z	info	Sicherung pre-install gruen: LIVE_197f4d61481686_BN5L2_2026-09-26T17-19_pre-install.json.gz (508 ms)
2026-09-26T15:51:21.309Z	info	116 Watcher-Meldung(en) ohne Inhaltsaenderung - nichts geschoben
2026-09-26T15:51:30.652Z	info	1 Watcher-Meldung(en) ohne Inhaltsaenderung - nichts geschoben
2026-09-26T15:52:22.347Z	info	20 Watcher-Meldung(en) ohne Inhaltsaenderung - nichts geschoben
2026-09-26T15:53:02.510Z	info	1 Watcher-Meldung(en) ohne Inhaltsaenderung - nichts geschoben
2026-09-26T15:53:15.607Z	info	5 Watcher-Meldung(en) ohne Inhaltsaenderung - nichts geschoben
2026-09-26T15:53:45.164Z	warn	graftplan.json steht in nicht-schieben.txt - NICHT geschoben
2026-09-26T16:04:47.704Z	info	Sicherung hourly gruen: LIVE_197f4d61481686_BN5L2_2026-09-26T18-04_hourly.json.gz (697 ms)
2026-09-26T16:56:47.299Z	info	Handschlag angefragt: install -> pre-install
2026-09-26T16:56:47.794Z	info	Sicherung pre-install gruen: LIVE_197f4d61481686_BN5L2_2026-09-26T18-56_pre-install.json.gz (349 ms)
2026-09-26T17:03:47.351Z	info	Handschlag angefragt: install -> pre-install
2026-09-26T17:03:47.914Z	info	Sicherung pre-install gruen: LIVE_197f4d61481686_BN5L2_2026-09-26T19-03_pre-install.json.gz (446 ms)
2026-09-26T17:04:48.304Z	info	Sicherung hourly gruen: LIVE_197f4d61481686_BN5L2_2026-09-26T19-04_hourly.json.gz (808 ms)
2026-09-26T17:06:08.532Z	info	19 Watcher-Meldung(en) ohne Inhaltsaenderung - nichts geschoben
2026-09-26T17:09:15.239Z	info	3 Watcher-Meldung(en) ohne Inhaltsaenderung - nichts geschoben
2026-09-26T17:09:36.335Z	info	114 Watcher-Meldung(en) ohne Inhaltsaenderung - nichts geschoben
2026-09-26T17:09:36.737Z	info	1 Watcher-Meldung(en) ohne Inhaltsaenderung - nichts geschoben
2026-09-26T17:10:07.023Z	warn	graftplan.json steht in nicht-schieben.txt - NICHT geschoben
2026-09-26T17:18:47.463Z	info	Handschlag angefragt: install -> pre-install
2026-09-26T17:18:47.931Z	info	Sicherung pre-install gruen: LIVE_197f4d61481686_BN5L2_2026-09-26T19-18_pre-install.json.gz (369 ms)
2026-09-26T17:35:47.671Z	info	Nach ## Sofort eingetragen: Telemetrie veraltet
2026-09-26T18:04:48.328Z	info	Sicherung hourly gruen: LIVE_197f4d61481686_BN5L2_2026-09-26T20-04_hourly.json.gz (469 ms)
